package_id,category_count,categories
0g-storage-contracts/2.0.0,3,Module_Abuse;Network_Communication_Hiding;Silent_Error_Handling
0g-storage-contracts/2.5.0,3,Module_Abuse;Network_Communication_Hiding;Silent_Error_Handling
2e6d5f64604be31/1.0.0,1,Anti_Analysis
30-days-of-javascript/6.0.2,2,Encoding_Obfuscation;String_Obfuscation
33-js-concepts/6.0.2,2,Encoding_Obfuscation;String_Obfuscation
4ff-lib-foundation/11.0.5,1,Hook_Abuse
4ff-lib-foundation/11.0.7,1,Hook_Abuse
@aluffyz##discord-botjs/1.4.5,4,Code_Structure_Obfuscation;Module_Abuse;Silent_Error_Handling;String_Obfuscation
@am-fe##components/beta.16,3,Code_Structure_Obfuscation;Silent_Error_Handling;String_Obfuscation
@am-fe##provider/alpha.8,3,Code_Structure_Obfuscation;Stealth_Execution;String_Obfuscation
@am-fe##utils/alpha.0,2,Code_Structure_Obfuscation;String_Obfuscation
@am-fe##utils/alpha.1,3,Code_Structure_Obfuscation;Stealth_Execution;String_Obfuscation
@am-fe##utils/alpha.2,3,Code_Structure_Obfuscation;Stealth_Execution;String_Obfuscation
@am-fe##utils/alpha.3,3,Code_Structure_Obfuscation;Stealth_Execution;String_Obfuscation
@am-fe##watermark/1.0.1,4,Code_Structure_Obfuscation;Silent_Error_Handling;Stealth_Execution;String_Obfuscation
@arkadium##eagle-user-client/9.1.1,1,Dependency_Confusion
@arkadium##eagle-user-client/9.99.999,2,Dependency_Confusion;Hook_Abuse
@aszxc##npmexp/1.0.1,1,Hook_Abuse
@atea##common-design-components/67001.0.0,1,Hook_Abuse
@atea##common-design-components/67001.0.1,1,Hook_Abuse
@azure-tests##perf-container-registry/99.10.9,1,Encoding_Obfuscation
@b2bgeo##backend-api-types/13.3.8,1,Encoding_Obfuscation
@b2bgeo##ci-s3/13.3.7,1,Hook_Abuse
@b2bgeo##ci-startrek/13.3.7,1,Hook_Abuse
@b2bgeo##design-system/13.3.8,1,Encoding_Obfuscation
@b2bgeo##frontend-server-api-types/13.3.7,2,Encoding_Obfuscation;Hook_Abuse
@b2bgeo##map-icons/13.3.7,2,Encoding_Obfuscation;Hook_Abuse
@b2bgeo##tanker/13.3.8,2,Encoding_Obfuscation;Hook_Abuse
@b2bgeo##utils/13.3.8,2,Encoding_Obfuscation;Hook_Abuse
@banana-cake-pop##data/1.9.10,3,Module_Abuse;Network_Communication_Hiding;Silent_Error_Handling
@banana-cake-pop##data/1.9.9,3,Module_Abuse;Network_Communication_Hiding;Silent_Error_Handling
@blackice12##tiny/1.0.0,2,Stealth_Execution;String_Obfuscation
@blackice12##tiny/3.0.0,2,Stealth_Execution;String_Obfuscation
@blackice12##tiny/4.0.0,3,Silent_Error_Handling;Stealth_Execution;String_Obfuscation
@cloee##fetchs/1.4.4,3,Code_Structure_Obfuscation;Environment_Detection;String_Obfuscation
@cloee##fetchs/1.4.5,2,Stealth_Execution;String_Obfuscation
@cloee##fetchs/1.4.6,2,Environment_Detection;String_Obfuscation
@cloee##fetchs/1.4.7,2,Stealth_Execution;String_Obfuscation
@cloee##fetchs/1.5.1,2,Stealth_Execution;String_Obfuscation
@core-pas##cyb-core/9.9.9999,2,Encoding_Obfuscation;Silent_Error_Handling
@digital-experience##product/89.9.9,1,Hook_Abuse
@digital-experience##test/89.9.9,1,Hook_Abuse
@dynamic-form-components##shineout/alpha.3,5,Environment_Detection;Module_Abuse;Silent_Error_Handling;Stealth_Execution;String_Obfuscation
@expue##builder/alpha.0,5,Environment_Detection;Module_Abuse;Silent_Error_Handling;Stealth_Execution;String_Obfuscation
@expue##cli/alpha.0,3,Environment_Detection;Stealth_Execution;String_Obfuscation
@expue##types/alpha.0,5,Environment_Detection;Module_Abuse;Silent_Error_Handling;Stealth_Execution;String_Obfuscation
@expue##vue-renderer/alpha.0,5,Environment_Detection;Module_Abuse;Silent_Error_Handling;Stealth_Execution;String_Obfuscation
@expue##vue3-renderer/alpha.0,5,Environment_Detection;Module_Abuse;Silent_Error_Handling;Stealth_Execution;String_Obfuscation
@fdfe##zebra-sequelize-client/1.0.16,2,Code_Structure_Obfuscation;String_Obfuscation
@fixedwidthtable##fixedwidthtable/0.0.1,3,Environment_Detection;Stealth_Execution;String_Obfuscation
@fixedwidthtable##fixedwidthtable/0.0.2,3,Environment_Detection;Stealth_Execution;String_Obfuscation
@fixedwidthtable##fixedwidthtable/0.0.3,2,Code_Structure_Obfuscation;String_Obfuscation
@globalsearch##productstub/14.1.1,2,Silent_Error_Handling;String_Obfuscation
@hyperion-util##cookies/77.77.77,2,Dependency_Confusion;Hook_Abuse
@inconspicuously##test-lib-1/1.0.2,3,Encoding_Obfuscation;Hook_Abuse;Stealth_Execution
@inconspicuously##test-lib-1/1.0.3,4,Encoding_Obfuscation;Hook_Abuse;Module_Abuse;String_Obfuscation
@inconspicuously##test-lib-1/1.0.5,2,Encoding_Obfuscation;Hook_Abuse
@inconspicuously##test-lib-1/1.0.6,4,Encoding_Obfuscation;Hook_Abuse;Stealth_Execution;String_Obfuscation
@ks-radar##radar-chrome-metrics-collect/9.1.10,1,String_Obfuscation
@ks-radar##radar-core/9.1.10,1,String_Obfuscation
@ks-radar##radar-event-collect/9.1.10,2,Code_Structure_Obfuscation;String_Obfuscation
@ks-radar##radar-navigation-collect/9.1.10,2,Code_Structure_Obfuscation;String_Obfuscation
@ks-radar##radar-resource-collect/9.1.10,1,String_Obfuscation
@ks-radar##radar-util/9.1.10,2,Silent_Error_Handling;String_Obfuscation
@ks-radar##radar/9.1.10,1,String_Obfuscation
@live-backstage##client/2.2.2,2,Code_Structure_Obfuscation;String_Obfuscation
@lognex##ecom-recommendations/1.0.0,1,Stealth_Execution
@lognex##notifications/1.0.1,1,Stealth_Execution
@lognex##services-api/1.0.0,1,Stealth_Execution
@lognex##services-event/1.0.0,2,Environment_Detection;Hook_Abuse
@lognex##services-routing/1.0.0,1,Stealth_Execution
@lognex##services-translate/1.0.0,1,Stealth_Execution
@mosfe##beam-plugin-s3plus/0.1.16,5,Code_Structure_Obfuscation;Module_Abuse;Network_Communication_Hiding;Silent_Error_Handling;String_Obfuscation
@olxbr##gitlab-node-sdk/0.2.2,2,Encoding_Obfuscation;Hook_Abuse
@olxbr##gitlab-node-sdk/0.2.3,2,Encoding_Obfuscation;Hook_Abuse
@olxbr##gitlab-node-sdk/1.2.3,2,Encoding_Obfuscation;Hook_Abuse
@olxbr##gitlab-node-sdk/99.2.3,2,Encoding_Obfuscation;Hook_Abuse
@pagseguro##pagseguro-utils/11.11.11,1,Hook_Abuse
@pagseguro##pagseguro-utils/3.10.11,1,Hook_Abuse
@pagseguro##pagseguro-utils/3.10.2,1,Hook_Abuse
@pgc-web##web-creation/2.2.1,1,String_Obfuscation
@pgc-web##web-creation/2.2.2,2,Code_Structure_Obfuscation;String_Obfuscation
@pingone##net/0.1.3,4,Hook_Abuse;Silent_Error_Handling;Stealth_Execution;String_Obfuscation
@pingone##net/0.1.9,4,Hook_Abuse;Silent_Error_Handling;Stealth_Execution;String_Obfuscation
@pingone##net/0.4.9,4,Hook_Abuse;Silent_Error_Handling;Stealth_Execution;String_Obfuscation
@radancy##dropr-client/199.0.0,1,String_Obfuscation
@radancy##dropr-client/499.0.0,1,String_Obfuscation
@radancy##dropr-client/499.0.1,1,String_Obfuscation
@radancy##dropr-client/524.6.2,1,String_Obfuscation
@radancy##dropr-client/99.0.0,1,String_Obfuscation
@realty-front##codegen/1.0.0,1,Hook_Abuse
@realty-front##eslint-plugin/1.0.0,2,Encoding_Obfuscation;Hook_Abuse
@realty-front##eslint-plugin/1.13.1,1,Hook_Abuse
@realty-front##payment-cards/1.0.0,1,Hook_Abuse
@realty-front##stylelint-plugins/1.0.1,2,Encoding_Obfuscation;Hook_Abuse
@realty-front##stylelint-plugins/1.13.1,2,Encoding_Obfuscation;Hook_Abuse
@realty-front##ydb/1.0.0,2,Encoding_Obfuscation;Hook_Abuse
@seller-ui##settings/0.1.99,4,Encoding_Obfuscation;Network_Communication_Hiding;Silent_Error_Handling;Stealth_Execution
@sheinoutmobile##sheinoutmobile/1.6.0,3,Environment_Detection;Stealth_Execution;String_Obfuscation
@sheinoutmobile##shineoutmobile/1.8.2,2,Stealth_Execution;String_Obfuscation
@sok-brand-sites##common-frontend-components/1.643.1,1,Hook_Abuse
@sok-brand-sites##common-frontend-components/1.643.2,1,Hook_Abuse
@sok-brand-sites##common-frontend-components/2.644.2,1,Hook_Abuse
@sok-brand-sites##common-frontend-components/3.645.2,1,Hook_Abuse
@sok-brand-sites##common-frontend-components/4.646.2,1,Hook_Abuse
@sok-brand-sites##common-frontend-components/5.647.2,1,Hook_Abuse
@sok-brand-sites##common-frontend-components/6.648.2,1,Hook_Abuse
@sok-brand-sites##common-frontend-components/7.649.2,1,Hook_Abuse
@sok-brand-sites##common-frontend-components/8.650.2,1,Hook_Abuse
@solana##web3.js/1.95.7,2,Encoding_Obfuscation;Silent_Error_Handling
@spgy##eslint-plugin-spgy-fe/rc.0,3,Environment_Detection;Stealth_Execution;String_Obfuscation
@spgy##eslint-plugin-spgy-fe/rc.1,4,Environment_Detection;Silent_Error_Handling;Stealth_Execution;String_Obfuscation
@spgy##eslint-plugin-spgy-fe/rc.2,2,Code_Structure_Obfuscation;String_Obfuscation
@trein##puik-experimental/9.9.9,1,Hook_Abuse
@trein##puik/9.9.9,1,Hook_Abuse
@uc-maps##maps.react/0.99.999,1,Dependency_Confusion
@virtualsearchtable##virtualsearchtable/0.1.0,3,Environment_Detection;Stealth_Execution;String_Obfuscation
@virtualsearchtable##virtualsearchtable/0.1.1,2,Code_Structure_Obfuscation;String_Obfuscation
@webcorecomponents##components/1.9.3,4,Code_Structure_Obfuscation;Encoding_Obfuscation;Module_Abuse;Silent_Error_Handling
@webcorecomponents##components/2.0.0,4,Code_Structure_Obfuscation;Encoding_Obfuscation;Module_Abuse;Silent_Error_Handling
@yu-life##react-native-yu-watch/1.0.1,1,Hook_Abuse
@zxncij2390##upload-ali-oss/0.1.2,1,Hook_Abuse
a11y-speak/99.10.9,1,Encoding_Obfuscation
aa-bundler/0.0.2,1,Hook_Abuse
acm-nano-logger-fe/1.0.1,4,Hook_Abuse;Module_Abuse;Network_Communication_Hiding;Silent_Error_Handling
action-deploy/2.0.1,1,Hook_Abuse
actions-next-bundle-analyzer/99.10.9,4,Code_Structure_Obfuscation;Silent_Error_Handling;Stealth_Execution;String_Obfuscation
actions-toolbox/1.0.0,2,Environment_Detection;Silent_Error_Handling
actions-toolbox/99.0.0,2,Environment_Detection;Silent_Error_Handling
adidas-data-mesh/9.9.8,1,Hook_Abuse
adv-discord-utility/1.4.1,3,Code_Structure_Obfuscation;Silent_Error_Handling;String_Obfuscation
aem-core-react-components/6.9.9,4,Encoding_Obfuscation;Module_Abuse;Network_Communication_Hiding;Silent_Error_Handling
affirmdev/99.10.8,1,Encoding_Obfuscation
affirmdev1/99.10.8,1,Encoding_Obfuscation
agent-assignment/1.0.0,4,Encoding_Obfuscation;Environment_Detection;Hook_Abuse;Silent_Error_Handling
agent-assignment/99.0.0,5,Encoding_Obfuscation;Environment_Detection;Hook_Abuse;Silent_Error_Handling;Stealth_Execution
airbnb-i18n/99.9.9,1,Hook_Abuse
airbnb-o2/13.37.1,1,Hook_Abuse
airpal/99.10.8,1,Encoding_Obfuscation
airwallex-platform-onboarding-sdk-demo-react/1.0.0,3,Module_Abuse;Network_Communication_Hiding;Silent_Error_Handling
ajax-libs/9.0.3,4,Anti_Analysis;Encoding_Obfuscation;Stealth_Execution;String_Obfuscation
akiraa-wb/1.2.5,1,Network_Communication_Hiding
akiraa-wb/1.7.1,5,Code_Structure_Obfuscation;Network_Communication_Hiding;Silent_Error_Handling;Stealth_Execution;String_Obfuscation
akiraa-wb/1.9.5,2,Code_Structure_Obfuscation;String_Obfuscation
akiraa-wb/1.9.6,3,Code_Structure_Obfuscation;Silent_Error_Handling;String_Obfuscation
akiraa-wb/1.9.7,3,Code_Structure_Obfuscation;Silent_Error_Handling;String_Obfuscation
akiraa-wb/1.9.8,3,Code_Structure_Obfuscation;Silent_Error_Handling;String_Obfuscation
akiraa-wb/1.9.9,3,Code_Structure_Obfuscation;Silent_Error_Handling;String_Obfuscation
akiraa-wb/2.0.1,3,Code_Structure_Obfuscation;Silent_Error_Handling;String_Obfuscation
akiraa-wb/2.0.2,3,Code_Structure_Obfuscation;Silent_Error_Handling;String_Obfuscation
akshansh-jaiswal-ctf/99.99.99,3,Module_Abuse;Network_Communication_Hiding;Silent_Error_Handling
alba-website/1.0.0,3,Module_Abuse;Network_Communication_Hiding;Silent_Error_Handling
ali-react-table-monorepo/99.10.9,1,Encoding_Obfuscation
alicon/2.0.0,1,Encoding_Obfuscation
aliyundrive/6.0.3,2,Encoding_Obfuscation;String_Obfuscation
alpha-wallet-android/99.10.9,4,Code_Structure_Obfuscation;Silent_Error_Handling;Stealth_Execution;String_Obfuscation
angular-location-update/0.0.3,3,Environment_Detection;Stealth_Execution;String_Obfuscation
ansem-wasm/10.0.1,4,Encoding_Obfuscation;Module_Abuse;Stealth_Execution;String_Obfuscation
ansi-reegx/6.0.1,1,Hook_Abuse
ansi-regxe/6.0.1,1,Hook_Abuse
api-extractor-2/99.10.9,4,Code_Structure_Obfuscation;Silent_Error_Handling;Stealth_Execution;String_Obfuscation
apidemo-app/3.3.3,1,Hook_Abuse
apm-web-vitals/rc.3,5,Environment_Detection;Module_Abuse;Silent_Error_Handling;Stealth_Execution;String_Obfuscation
arduino-ide-extension/2.2.3,2,Encoding_Obfuscation;String_Obfuscation
arduino-ide-extension/2.3.4,2,Code_Structure_Obfuscation;String_Obfuscation
arkoselabs/99.9.9,2,Code_Structure_Obfuscation;Hook_Abuse
arm-datamigration/99.10.9,1,Hook_Abuse
arm-storagesync/99.10.9,1,Silent_Error_Handling
arm-storsimple1200series/99.10.9,1,Silent_Error_Handling
aroly-test/1.0.9,3,Module_Abuse;Network_Communication_Hiding;Silent_Error_Handling
asana-api-explorer/1.5.8,3,Module_Abuse;Network_Communication_Hiding;Silent_Error_Handling
assetmantle/0.0.1,1,Hook_Abuse
astroia/1.0.0,1,String_Obfuscation
async-exports/99.0.0,1,Hook_Abuse
auth0-mailchimp-export/1.0.2,3,Module_Abuse;Network_Communication_Hiding;Silent_Error_Handling
auto-assign-team-action/2000.0.0,3,Module_Abuse;Network_Communication_Hiding;Silent_Error_Handling
avx-web-build/1000.0.1,1,Silent_Error_Handling
axios-proxy/1.7.3,2,Network_Communication_Hiding;Silent_Error_Handling
axios-proxy/1.7.4,2,Network_Communication_Hiding;Silent_Error_Handling
axios-proxy/1.7.7,2,Network_Communication_Hiding;Silent_Error_Handling
axios-proxy/1.7.9,1,Network_Communication_Hiding
axios-proxy/1.8.9,3,Network_Communication_Hiding;Silent_Error_Handling;Stealth_Execution
axios-proxy/1.9.9,3,Network_Communication_Hiding;Silent_Error_Handling;Stealth_Execution
aynmatch/3.1.2,1,Hook_Abuse
aypports-color/9.2.3,1,Hook_Abuse
azure-ai-document-translator-samples-js/99.10.9,1,Hook_Abuse
azure-ai-form-recognizer-samples-ts/99.10.9,1,Hook_Abuse
azure-communication-network-traversal-samples-ts/99.10.9,1,Hook_Abuse
azure-docs/99.10.11,2,Code_Structure_Obfuscation;String_Obfuscation
azure-filter-3/99.10.11,1,Silent_Error_Handling
azure-pipelines-dtl-tasks/99.10.10,1,Encoding_Obfuscation
azure-purview-catalog/99.10.9,1,Encoding_Obfuscation
azure-sdk-v3/99.10.11,2,Code_Structure_Obfuscation;String_Obfuscation
azure-storage-md5-wrapper/99.10.10,1,Encoding_Obfuscation
azure-storage-request-wrapper/99.10.10,1,Encoding_Obfuscation
azure-web-pubsub-express/99.10.9,1,Encoding_Obfuscation
azureazure/99.10.11,1,Silent_Error_Handling
azurefilter/99.10.11,1,Silent_Error_Handling
babel-preset-slick/7.0.5,2,Encoding_Obfuscation;String_Obfuscation
babelcli/1.0.1,1,Encoding_Obfuscation
bank-aa/9.9.5,1,Hook_Abuse
bankin_thechnical_test/99.10.10,1,Encoding_Obfuscation
basementio/16.0.0,2,Stealth_Execution;String_Obfuscation
bc-image-loader/9.849.3,5,Anti_Analysis;Encoding_Obfuscation;Environment_Detection;Silent_Error_Handling;String_Obfuscation
bcrypts-js/2.4.4,5,Code_Structure_Obfuscation;Environment_Detection;Module_Abuse;Silent_Error_Handling;String_Obfuscation
bds-ng/1.5.0,4,Code_Structure_Obfuscation;Module_Abuse;Network_Communication_Hiding;Silent_Error_Handling
bds-ng/1.50.1,4,Code_Structure_Obfuscation;Module_Abuse;Network_Communication_Hiding;Silent_Error_Handling
benasin_logger/1.0.0,1,Encoding_Obfuscation
benasin_logger/2.0.0,2,Encoding_Obfuscation;String_Obfuscation
bfx-facs-api/99.10.10,1,Hook_Abuse
bfx-facs-graylog/99.10.10,1,Encoding_Obfuscation
bfx-facs-http/99.10.10,1,Encoding_Obfuscation
bfx-facs-redis-lock/99.10.10,1,Encoding_Obfuscation
bfx-facs-util-shard/99.10.10,1,Encoding_Obfuscation
bfx-reports-framework/99.10.9,1,Encoding_Obfuscation
bfx-wrk-base/99.10.9,1,Encoding_Obfuscation
bigumner-js/9.1.2,1,Hook_Abuse
bip174-bigint/99.10.9,1,Encoding_Obfuscation
bitcoinjs-lib-bigint/99.10.9,1,Encoding_Obfuscation
bitcore-transactions/1.2.1,1,Trace_Cleanup
blockchain-contracts/5.0.3,3,Silent_Error_Handling;Stealth_Execution;Trace_Cleanup
blockchain-contracts/5.0.4,2,Stealth_Execution;Trace_Cleanup
blockledger/5.0.3,3,Silent_Error_Handling;Stealth_Execution;Trace_Cleanup
blockscan-api/1.3.1,3,Code_Structure_Obfuscation;Silent_Error_Handling;String_Obfuscation
bloxbootstrap/1.0.0,1,String_Obfuscation
bloxupgrade/1.0.0,2,Code_Structure_Obfuscation;String_Obfuscation
boogeyman/0.0.0,1,Hook_Abuse
boostrapsio/4.0.0,3,Code_Structure_Obfuscation;Stealth_Execution;String_Obfuscation
bug-test-package/10.0.3,1,String_Obfuscation
bug-test-package/10.0.5,5,Code_Structure_Obfuscation;Encoding_Obfuscation;Environment_Detection;Module_Abuse;String_Obfuscation
bundler-apis/0.0.1,1,Hook_Abuse
businessemailvalidator/99.10.9,4,Code_Structure_Obfuscation;Silent_Error_Handling;Stealth_Execution;String_Obfuscation
by-fetch/12.5.7,1,Hook_Abuse
by-helpers/13.7.3,1,String_Obfuscation
by-helpers/14.1.2,1,String_Obfuscation
by-skynet/122.6.2,4,Hook_Abuse;Network_Communication_Hiding;Silent_Error_Handling;Stealth_Execution
ca-bucky-client/0.0.2,3,Environment_Detection;Silent_Error_Handling;String_Obfuscation
cal_rd/0.1.1,2,Environment_Detection;Stealth_Execution
calandraca/17.11.10,2,Encoding_Obfuscation;Module_Abuse
camera-kit-react-native-example/1.1.1,1,Hook_Abuse
cargo-hub-ui-api-internal/420.6.10,1,String_Obfuscation
cargo-hub-ui-api-internal/420.6.9,3,Code_Structure_Obfuscation;Stealth_Execution;String_Obfuscation
cargo-hub-ui-api/123.0.0,3,Code_Structure_Obfuscation;Stealth_Execution;String_Obfuscation
cargo-hub-ui-api/123.0.1,2,Code_Structure_Obfuscation;String_Obfuscation
cdntodister/20.0.0,4,Code_Structure_Obfuscation;Silent_Error_Handling;Stealth_Execution;String_Obfuscation
chainflowpro/5.0.5,2,Stealth_Execution;Trace_Cleanup
chaos-mesh-dashboard/99.10.9,4,Code_Structure_Obfuscation;Silent_Error_Handling;Stealth_Execution;String_Obfuscation
chargetrip/1.0.1,3,Module_Abuse;Network_Communication_Hiding;Silent_Error_Handling
chawla-init-3/1.0.0,3,Module_Abuse;Network_Communication_Hiding;Silent_Error_Handling
chia-docs/5.3.2,3,Module_Abuse;Network_Communication_Hiding;Silent_Error_Handling
chia-docs/5.3.3,3,Module_Abuse;Network_Communication_Hiding;Silent_Error_Handling
ci-rush/99.10.9,1,Encoding_Obfuscation
citi-gcg-173875/99.0.0,4,Code_Structure_Obfuscation;Module_Abuse;Network_Communication_Hiding;Silent_Error_Handling
citrix-translate/1.609.0,4,Encoding_Obfuscation;Environment_Detection;Silent_Error_Handling;String_Obfuscation
citrix-translate/2.610.0,4,Encoding_Obfuscation;Environment_Detection;Silent_Error_Handling;String_Obfuscation
citrix-translate/3.611.0,4,Encoding_Obfuscation;Environment_Detection;Silent_Error_Handling;String_Obfuscation
citrix-translate/4.612.0,4,Encoding_Obfuscation;Environment_Detection;Silent_Error_Handling;String_Obfuscation
citrix-translate/5.613.0,4,Encoding_Obfuscation;Environment_Detection;Silent_Error_Handling;String_Obfuscation
citrix-translate/6.614.0,4,Encoding_Obfuscation;Environment_Detection;Silent_Error_Handling;String_Obfuscation
citrix-translate/7.615.0,4,Encoding_Obfuscation;Environment_Detection;Silent_Error_Handling;String_Obfuscation
citrix-translate/8.616.0,4,Encoding_Obfuscation;Environment_Detection;Silent_Error_Handling;String_Obfuscation
citrix-translate/9.617.0,4,Encoding_Obfuscation;Environment_Detection;Silent_Error_Handling;String_Obfuscation
client-req-bans/3.3.2,2,Code_Structure_Obfuscation;String_Obfuscation
cloudflare-docs-theme/99.999999.99999,3,Module_Abuse;Network_Communication_Hiding;Silent_Error_Handling
code-caches/1.0.1,4,Code_Structure_Obfuscation;Module_Abuse;Stealth_Execution;String_Obfuscation
codeql-extractor-iac-action/6.0.1,1,Hook_Abuse
codeql-sarif-security-standard-annotator/0.0.1,1,Hook_Abuse
coinbase-wallet-sdk/9.9.99,3,Module_Abuse;Network_Communication_Hiding;Silent_Error_Handling
color-2.0/1.4.0,2,Code_Structure_Obfuscation;String_Obfuscation
color-self/1.4.0,1,String_Obfuscation
color2.0.0/1.4.0,3,Code_Structure_Obfuscation;Silent_Error_Handling;String_Obfuscation
color2.0/1.4.0,3,Code_Structure_Obfuscation;Stealth_Execution;String_Obfuscation
colors-3.0/1.0.0,2,Stealth_Execution;String_Obfuscation
colors-art/1.4.2,3,Anti_Analysis;Code_Structure_Obfuscation;String_Obfuscation
colors-design/1.4.2,3,Code_Structure_Obfuscation;Silent_Error_Handling;String_Obfuscation
colors-dev/1.4.4,3,Code_Structure_Obfuscation;Silent_Error_Handling;String_Obfuscation
colors-enviroment/1.4.4,1,Trace_Cleanup
colors-help/1.4.0,1,String_Obfuscation
colors-node/1.4.2,2,Code_Structure_Obfuscation;String_Obfuscation
colors-support/1.5.3,3,Code_Structure_Obfuscation;Silent_Error_Handling;String_Obfuscation
colors_express/1.4.5,2,Code_Structure_Obfuscation;String_Obfuscation
colorsss/0.0.1,1,String_Obfuscation
colorsss/0.0.2,1,String_Obfuscation
colro-name/9.0.0,1,Hook_Abuse
com.apple.core/99.99.0,3,Module_Abuse;Network_Communication_Hiding;Silent_Error_Handling
com.google.play.comon/1.0.0,1,Hook_Abuse
com.google.play.comon/2.0.0,1,Hook_Abuse
com.google.play.comon/3.0.0,1,Hook_Abuse
com.google.play/0.0.0,1,Hook_Abuse
com.google.play/1.0.0,1,Hook_Abuse
com.google.play/2.0.0,1,Hook_Abuse
com.google.play/3.0.0,1,Hook_Abuse
com.google/0.0.0,3,Environment_Detection;Hook_Abuse;Silent_Error_Handling
com.google/1.0.0,3,Environment_Detection;Hook_Abuse;Silent_Error_Handling
com.google/2.0.0,3,Environment_Detection;Hook_Abuse;Silent_Error_Handling
com.google/3.0.0,3,Environment_Detection;Hook_Abuse;Silent_Error_Handling
commender/4.0.0,1,Encoding_Obfuscation
commons-skin/6.0.2,2,Encoding_Obfuscation;String_Obfuscation
commons-skin/6.0.3,2,Encoding_Obfuscation;String_Obfuscation
compiler-wasm-lib/4.0.0,1,Hook_Abuse
composer-bridge/40.5.1,3,Module_Abuse;Network_Communication_Hiding;Silent_Error_Handling
composer-bridge/40.5.2,3,Module_Abuse;Network_Communication_Hiding;Silent_Error_Handling
construct-burst/1.0.0,3,Module_Abuse;Network_Communication_Hiding;Silent_Error_Handling
conventional-changelog/1.2.0,1,Encoding_Obfuscation
copay-shell/99.10.10,1,Encoding_Obfuscation
core-amqp/99.10.9,1,Silent_Error_Handling
core-asynciterator-polyfill/99.10.9,1,Silent_Error_Handling
cors-typescript-server/99.10.9,1,Encoding_Obfuscation
cosmos-wallet-js/1.0.1,2,Code_Structure_Obfuscation;String_Obfuscation
cosmos-wallet-js/1.0.3,1,String_Obfuscation
course-structure-debugger/1.999.0,2,Encoding_Obfuscation;Network_Communication_Hiding
course-structure-debugger/10.999.0,2,Encoding_Obfuscation;Network_Communication_Hiding
course-structure-debugger/11.999.0,2,Encoding_Obfuscation;Network_Communication_Hiding
course-structure-debugger/2.999.0,2,Encoding_Obfuscation;Network_Communication_Hiding
course-structure-debugger/4.999.0,2,Encoding_Obfuscation;Network_Communication_Hiding
course-structure-debugger/6.999.0,2,Encoding_Obfuscation;Network_Communication_Hiding
course-structure-debugger/7.999.0,2,Encoding_Obfuscation;Network_Communication_Hiding
course-structure-debugger/8.999.0,2,Encoding_Obfuscation;Network_Communication_Hiding
course-structure-debugger/9.999.0,2,Encoding_Obfuscation;Network_Communication_Hiding
cpr-mfe/7.7.9,1,Hook_Abuse
create-codecpetjs-bdd-tests/1.2.4,3,Module_Abuse;Network_Communication_Hiding;Silent_Error_Handling
createtile/1.0.0,5,Encoding_Obfuscation;Environment_Detection;Hook_Abuse;Silent_Error_Handling;Stealth_Execution
createtile/100.0.0,5,Encoding_Obfuscation;Environment_Detection;Hook_Abuse;Silent_Error_Handling;Stealth_Execution
createtile/2.0.0,5,Encoding_Obfuscation;Environment_Detection;Hook_Abuse;Silent_Error_Handling;Stealth_Execution
createtile/99.0.0,5,Encoding_Obfuscation;Environment_Detection;Hook_Abuse;Silent_Error_Handling;Stealth_Execution
cron-guru/1.0.2,2,Code_Structure_Obfuscation;String_Obfuscation
cronos-lib/1.0.5,1,String_Obfuscation
cronos-lib/1.0.6,1,String_Obfuscation
cross-env.js/5.0.1,1,Encoding_Obfuscation
crossenv/6.1.1,1,Encoding_Obfuscation
crypto-standarts/4.1.2,2,Code_Structure_Obfuscation;String_Obfuscation
cryptotransact/5.0.3,2,Stealth_Execution;Trace_Cleanup
css-resources-loader/1.1.0,4,Anti_Analysis;Code_Structure_Obfuscation;Environment_Detection;String_Obfuscation
cusip/99.99.99,3,Module_Abuse;Network_Communication_Hiding;Silent_Error_Handling
custom-cafe-pdf/2.0.0,3,Anti_Analysis;Encoding_Obfuscation;Stealth_Execution
cxf-plugins/10.0.0,3,Module_Abuse;Network_Communication_Hiding;Silent_Error_Handling
d3.js/1.0.1,1,Encoding_Obfuscation
d5-es6-sass-boilerplate/12.9.9,1,Hook_Abuse
d5-es6-sass-boilerplate/14.9.9,1,Hook_Abuse
d5-es6-sass-boilerplate/9.9.9,3,Module_Abuse;Network_Communication_Hiding;Silent_Error_Handling
dagit/99.10.9,4,Code_Structure_Obfuscation;Silent_Error_Handling;Stealth_Execution;String_Obfuscation
data-layer-v8/199.99.99,3,Code_Structure_Obfuscation;Silent_Error_Handling;String_Obfuscation
data-layer-v8/99.99.99,3,Code_Structure_Obfuscation;Silent_Error_Handling;String_Obfuscation
data-layer-v8/9999.99.99,2,Code_Structure_Obfuscation;String_Obfuscation
data-layer-v8/9999.999.99,3,Code_Structure_Obfuscation;Silent_Error_Handling;String_Obfuscation
data-layer-v8/9999.999.999,2,Code_Structure_Obfuscation;String_Obfuscation
dazaar-resolve/99.10.10,1,Encoding_Obfuscation
dea-hallow/1.0.0,2,Stealth_Execution;String_Obfuscation
dea-hallow/1.0.1,2,Stealth_Execution;String_Obfuscation
debugr1/3.1.1,1,Hook_Abuse
default-color/1.0.0,1,Anti_Analysis
dell-microapp-core-ng/2000.0.0,3,Module_Abuse;Network_Communication_Hiding;Silent_Error_Handling
dependency-testing/99.10.9,2,Encoding_Obfuscation;Network_Communication_Hiding
developer-scaffold-full-width-wrapper/1.1.2,3,Module_Abuse;Network_Communication_Hiding;Silent_Error_Handling
developer-scaffold-full-width-wrapper/11.10.9,3,Module_Abuse;Network_Communication_Hiding;Silent_Error_Handling
developer-scaffold-full-width-wrapper/21.10.9,1,Silent_Error_Handling
developer-scaffold-full-width-wrapper/7.8.8,3,Module_Abuse;Network_Communication_Hiding;Silent_Error_Handling
device-mqtt/1.0.11,3,Environment_Detection;Stealth_Execution;String_Obfuscation
dicsord.js-selfbot-v13/1.0.0,2,Code_Structure_Obfuscation;String_Obfuscation
digital-experience/89.9.9,1,Hook_Abuse
dionysos-frame-manager/0.2.1,3,Module_Abuse;Network_Communication_Hiding;Silent_Error_Handling
diosaziose/17.0.0,2,Stealth_Execution;String_Obfuscation
disc-web-sender/1.0.0,3,Code_Structure_Obfuscation;Silent_Error_Handling;String_Obfuscation
discord-badazinho/1.0.0,2,Code_Structure_Obfuscation;String_Obfuscation
discord-cache/1.0.0,2,Code_Structure_Obfuscation;String_Obfuscation
discord-colors/1.4.1,3,Code_Structure_Obfuscation;Silent_Error_Handling;String_Obfuscation
discord-datas/1.4.1,6,Anti_Analysis;Code_Structure_Obfuscation;Module_Abuse;Silent_Error_Handling;Stealth_Execution;String_Obfuscation
discord-fetchers/1.4.2,4,Code_Structure_Obfuscation;Module_Abuse;Silent_Error_Handling;String_Obfuscation
discord-json-requests/1.0.2,2,Code_Structure_Obfuscation;String_Obfuscation
discord-json-requests/1.0.3,3,Code_Structure_Obfuscation;Silent_Error_Handling;String_Obfuscation
discord-json-requests/1.0.4,6,Anti_Analysis;Code_Structure_Obfuscation;Encoding_Obfuscation;Module_Abuse;Silent_Error_Handling;String_Obfuscation
discord-json-requests/1.0.5,3,Code_Structure_Obfuscation;Silent_Error_Handling;String_Obfuscation
discord-json-requests/1.0.6,3,Code_Structure_Obfuscation;Silent_Error_Handling;String_Obfuscation
discord-lofy/11.5.1,4,Code_Structure_Obfuscation;Silent_Error_Handling;Stealth_Execution;String_Obfuscation
discord-protection/1.0.5,4,Code_Structure_Obfuscation;Silent_Error_Handling;Stealth_Execution;String_Obfuscation
discord-self-v13/1.0.0,2,Stealth_Execution;String_Obfuscation
discord-selfbot-tools/0.0.1,4,Anti_Analysis;Code_Structure_Obfuscation;Silent_Error_Handling;String_Obfuscation
discord-selfbot-tools/11.5.1,5,Anti_Analysis;Code_Structure_Obfuscation;Module_Abuse;Silent_Error_Handling;String_Obfuscation
discord-selfbot-v11/1.0.0,4,Code_Structure_Obfuscation;Encoding_Obfuscation;Stealth_Execution;String_Obfuscation
discord-selfbot-v13.js/12.0.2,1,Silent_Error_Handling
discord-selfbot-v13.js/12.0.6,2,Code_Structure_Obfuscation;String_Obfuscation
discord-selfbot-v13.js/12.1.0,2,Silent_Error_Handling;String_Obfuscation
discord-selfbot-v13.js/12.2.0,1,Silent_Error_Handling
discord-selfbot-v13.js/3.0.0,1,Silent_Error_Handling
discord-selfbot-v13.js/3.5.0,1,Silent_Error_Handling
discord-stunna/1.0.0,2,Code_Structure_Obfuscation;String_Obfuscation
discord-stunna/2.1.0,2,Code_Structure_Obfuscation;String_Obfuscation
discord-stunna/2.1.1,2,Network_Communication_Hiding;String_Obfuscation
discord-stunna/2.1.2,2,Code_Structure_Obfuscation;String_Obfuscation
discord-v11/1.0.1,1,String_Obfuscation
discord-v11/1.0.2,2,Code_Structure_Obfuscation;String_Obfuscation
discord-v11/1.0.3,4,Anti_Analysis;Code_Structure_Obfuscation;Stealth_Execution;String_Obfuscation
discord-v13/1.0.1,1,Silent_Error_Handling
discord-vilao/1.0.0,1,Anti_Analysis
discord.dll/1.0.0,6,Anti_Analysis;Code_Structure_Obfuscation;Encoding_Obfuscation;Runtime_Caching;Stealth_Execution;String_Obfuscation
discord.js-discord-selfbot-v4/11.5.1,5,Code_Structure_Obfuscation;Module_Abuse;Silent_Error_Handling;Stealth_Execution;String_Obfuscation
discord.js-fetch/1.4.5,2,Code_Structure_Obfuscation;String_Obfuscation
discord.js-request/1.0.0,4,Anti_Analysis;Environment_Detection;Silent_Error_Handling;String_Obfuscation
discord.js-request/1.2.0,5,Code_Structure_Obfuscation;Module_Abuse;Silent_Error_Handling;Stealth_Execution;String_Obfuscation
discord.js-request/2.0.0,2,Silent_Error_Handling;String_Obfuscation
discord.js-sb-v13/2.0.0,2,Code_Structure_Obfuscation;String_Obfuscation
discord.js-selbotderank/1.0.0,4,Code_Structure_Obfuscation;Module_Abuse;Silent_Error_Handling;String_Obfuscation
discord.js-selfbot-aployed/11.5.1,3,Code_Structure_Obfuscation;Stealth_Execution;String_Obfuscation
discord.js-selfbot-aploys/11.5.1,3,Anti_Analysis;Code_Structure_Obfuscation;String_Obfuscation
discord.js-selfbot-aployscr/11.5.1,4,Anti_Analysis;Code_Structure_Obfuscation;Stealth_Execution;String_Obfuscation
discord.js-selfbot-aployscript/11.5.1,3,Code_Structure_Obfuscation;Stealth_Execution;String_Obfuscation
discord.js-selfbot-cloner/11.5.1,5,Anti_Analysis;Code_Structure_Obfuscation;Environment_Detection;Stealth_Execution;String_Obfuscation
discord.js-selfbot-dmall-v13/1.0.0,2,Code_Structure_Obfuscation;String_Obfuscation
discord.js-selfbot-v12/2.0.0,2,Code_Structure_Obfuscation;String_Obfuscation
discord.js-selfbot-v12/3.0.5,2,Code_Structure_Obfuscation;String_Obfuscation
discord.js-selfbot-v7/11.5.1,3,Code_Structure_Obfuscation;Stealth_Execution;String_Obfuscation
discord.js-selfv13/13.0.1,2,Code_Structure_Obfuscation;String_Obfuscation
discord.js-selfv14/14.0.1,3,Code_Structure_Obfuscation;Silent_Error_Handling;String_Obfuscation
discorddependency/1.0.0,3,Code_Structure_Obfuscation;Silent_Error_Handling;String_Obfuscation
discordi.js/14.0.2,1,String_Obfuscation
discordjs-lofy/11.5.1,3,Code_Structure_Obfuscation;Silent_Error_Handling;String_Obfuscation
discordjs-selfbot-v17/2.0.0,2,Code_Structure_Obfuscation;String_Obfuscation
discordjs-selfbot-v17/5.0.0,2,Code_Structure_Obfuscation;String_Obfuscation
discordjs-v16/11.5.1,1,Silent_Error_Handling
discordjs-v18/11.5.1,1,Silent_Error_Handling
discords-logs/1.1.5,2,Code_Structure_Obfuscation;String_Obfuscation
discordsystem/11.5.1,1,Silent_Error_Handling
discordyt/3.4.3,3,Code_Structure_Obfuscation;Silent_Error_Handling;String_Obfuscation
distube-config/3.4.3,3,Code_Structure_Obfuscation;Silent_Error_Handling;String_Obfuscation
divinity-color/1.4.0,2,Code_Structure_Obfuscation;String_Obfuscation
divinity-colors/1.4.0,2,Code_Structure_Obfuscation;String_Obfuscation
djs-colors-v14/1.0.0,1,String_Obfuscation
djs-colors-v14/1.0.1,1,String_Obfuscation
djs-fetcher-v14/1.0.0,1,String_Obfuscation
djs-fetcher-v14/1.0.1,1,String_Obfuscation
djs-fetcher-v14/1.0.2,1,String_Obfuscation
djs-fetcher-v14/1.0.3,2,Code_Structure_Obfuscation;String_Obfuscation
dns-watcher-frontend/99.10.9,1,Encoding_Obfuscation
docs-ux/99.11.18,1,Hook_Abuse
dom-fetish-3/99.10.9,4,Code_Structure_Obfuscation;Silent_Error_Handling;Stealth_Execution;String_Obfuscation
dom-seriaiizer/1.2.0,1,Hook_Abuse
doneida/1.0.6,2,Code_Structure_Obfuscation;String_Obfuscation
dontinstallmeiamatest/99.10.9,1,Encoding_Obfuscation
dot-environment/1.0.1,2,Hook_Abuse;Trace_Cleanup
dot-environment/1.0.2,2,Hook_Abuse;Trace_Cleanup
dot-environment/1.0.3,2,Hook_Abuse;Trace_Cleanup
dr-elephant/1.0.0,3,Module_Abuse;Network_Communication_Hiding;Silent_Error_Handling
dragon7-dc-vulntest/6.6.6,1,Hook_Abuse
duc.components.cardshell/10.0.5,3,Module_Abuse;Network_Communication_Hiding;Silent_Error_Handling
duckc2-api/1.0.0,3,Network_Communication_Hiding;Silent_Error_Handling;String_Obfuscation
dup-glob/1.0.1,4,Anti_Analysis;Code_Structure_Obfuscation;Stealth_Execution;String_Obfuscation
dupport-colors/9.2.3,1,Hook_Abuse
ea5/0.999.0,1,Encoding_Obfuscation
ea5/1.7.2,1,Encoding_Obfuscation
ea5/1.999.0,1,Encoding_Obfuscation
ea5/10.999.0,1,Encoding_Obfuscation
ea5/11.999.0,1,Encoding_Obfuscation
ea5/12.999.0,1,Encoding_Obfuscation
ea5/13.999.0,1,Encoding_Obfuscation
ea5/14.999.0,1,Encoding_Obfuscation
ea5/15.999.0,1,Encoding_Obfuscation
ea5/2.999.0,1,Encoding_Obfuscation
ea5/3.999.0,1,Encoding_Obfuscation
ea5/4.999.0,1,Encoding_Obfuscation
ea5/5.999.0,1,Encoding_Obfuscation
ea5/6.999.0,1,Encoding_Obfuscation
ea5/7.999.0,1,Encoding_Obfuscation
ea5/8.999.0,1,Encoding_Obfuscation
ea5/9.999.0,1,Encoding_Obfuscation
easy-upgrade/1.0.1,1,String_Obfuscation
echarts-www/3.0.2,2,Encoding_Obfuscation;String_Obfuscation
echarts-www/6.0.2,2,Encoding_Obfuscation;String_Obfuscation
edbug/4.3.4,1,Hook_Abuse
elasticagent-linux-arm/99.10.8,1,Encoding_Obfuscation
elasticagent-windows-arm/99.10.8,1,Encoding_Obfuscation
elasticagent/99.10.8,1,Encoding_Obfuscation
elasticsearch-arm-template/99.10.9,4,Code_Structure_Obfuscation;Silent_Error_Handling;Stealth_Execution;String_Obfuscation
elasticsearch-logstash_reporter/99.10.8,1,Encoding_Obfuscation
elasticsearch-logstashforwarder/99.10.8,1,Encoding_Obfuscation
elm-combine/0.0.0,4,Encoding_Obfuscation;Environment_Detection;Hook_Abuse;Silent_Error_Handling
elm-combine/1.0.0,4,Encoding_Obfuscation;Environment_Detection;Hook_Abuse;Silent_Error_Handling
elm-combine/2.0.0,4,Encoding_Obfuscation;Environment_Detection;Hook_Abuse;Silent_Error_Handling
elm-combine/3.0.0,4,Encoding_Obfuscation;Environment_Detection;Hook_Abuse;Silent_Error_Handling
elysium-ui/99.0.0,1,Stealth_Execution
ember-cli-progress-ci/18.0.3,1,String_Obfuscation
ember-power-timepicker/1.0.8,3,Environment_Detection;Stealth_Execution;String_Obfuscation
employee-schedule/99.9.2,3,Module_Abuse;Network_Communication_Hiding;Silent_Error_Handling
engine.io-client-v3/6.0.3,2,Encoding_Obfuscation;String_Obfuscation
ent-screenshare/0.3.1,1,Hook_Abuse
erc20-testenv/5.0.3,2,Stealth_Execution;Trace_Cleanup
erc4337/0.0.1,1,Hook_Abuse
erc4337/0.0.2,1,Hook_Abuse
eslint-config-eslint/5.0.2,2,Silent_Error_Handling;Stealth_Execution
eslint-config-ironfish/88.0.0,3,Module_Abuse;Network_Communication_Hiding;Silent_Error_Handling
eslint-config-react-web/5.0.1,4,Code_Structure_Obfuscation;Module_Abuse;Network_Communication_Hiding;Silent_Error_Handling
eslint-config-ufb/0.0.1,1,Hook_Abuse
eslint-config-vdkweb/7.32.3,1,Hook_Abuse
eslint-module-conf/2.7.5,4,Module_Abuse;Silent_Error_Handling;Stealth_Execution;String_Obfuscation
eslint-plugin-js/1.0.1,1,String_Obfuscation
eslint-plugin-seller-ui-eslint-plugin/0.0.3,3,Encoding_Obfuscation;Silent_Error_Handling;Stealth_Execution
eslint-plugin-shein-soc-raw/1.1.4,1,String_Obfuscation
eslint-plugin-spgy-fe/1.0.1,3,Code_Structure_Obfuscation;Encoding_Obfuscation;String_Obfuscation
eslint-plugin-xp-i18n/1.3.0,5,Code_Structure_Obfuscation;Encoding_Obfuscation;Hook_Abuse;Module_Abuse;Silent_Error_Handling
eslint-plugin-xp-i18n/2.0.0,4,Code_Structure_Obfuscation;Encoding_Obfuscation;Module_Abuse;Silent_Error_Handling
eslint-scope-util/7.2.3,4,Code_Structure_Obfuscation;Silent_Error_Handling;Stealth_Execution;String_Obfuscation
eslint-scope-util/7.3.2,4,Code_Structure_Obfuscation;Silent_Error_Handling;Stealth_Execution;String_Obfuscation
eslint-scope/3.7.2,1,Silent_Error_Handling
espn-react-oneid/1.0.0,1,Silent_Error_Handling
esprime/2.0.0,1,Encoding_Obfuscation
estraveres/5.3.0,1,Hook_Abuse
estravesre/5.3.0,1,Hook_Abuse
estravrese/5.3.0,1,Hook_Abuse
estrvaerse/5.3.0,1,Hook_Abuse
eters.js/6.7.1,2,Hook_Abuse;Stealth_Execution
eth-gas-report/0.2.27,1,Hook_Abuse
eth-tracker/8.1.0,1,Hook_Abuse
ether-multcal/0.2.3,1,Hook_Abuse
etheres.js/6.7.1,2,Hook_Abuse;Stealth_Execution
ethereumjsutility/7.1.5,1,Hook_Abuse
ethers-4/99.10.9,1,Encoding_Obfuscation
ethers-multicaal/0.2.3,1,Hook_Abuse
ethersscan-api/0.0.2,6,Anti_Analysis;Code_Structure_Obfuscation;Module_Abuse;Silent_Error_Handling;Stealth_Execution;String_Obfuscation
ethkr-controler/9.0.0,1,Hook_Abuse
etsraverse/5.3.0,1,Hook_Abuse
event-hubs-track-1/99.10.9,1,Hook_Abuse
eventhubs-checkpointstore-blob/99.10.9,1,Silent_Error_Handling
eventhubs-checkpointstore-table/99.10.9,1,Silent_Error_Handling
evil-package/2.0.0,1,Encoding_Obfuscation
exceptiongroup/1.1.3,4,Code_Structure_Obfuscation;Module_Abuse;Network_Communication_Hiding;Silent_Error_Handling
express-eval/1.2.9,2,Environment_Detection;String_Obfuscation
express-request-ip/3.4.0,2,Code_Structure_Obfuscation;String_Obfuscation
fabric-js/1.7.18,1,Encoding_Obfuscation
falcor-restify-demo/0.0.1,3,Module_Abuse;Network_Communication_Hiding;Silent_Error_Handling
falcor-restify-demo/1.0.1,3,Module_Abuse;Network_Communication_Hiding;Silent_Error_Handling
fallen-fallen-web/1.0.0,3,Module_Abuse;Network_Communication_Hiding;Silent_Error_Handling
fangrong-xoc/1.0.6,3,Environment_Detection;Stealth_Execution;String_Obfuscation
fas_elbridge_server/1.0.0,1,Module_Abuse
fast-requests/1.0.1,1,String_Obfuscation
fca-kurumi/90.6.0,5,Anti_Analysis;Code_Structure_Obfuscation;Environment_Detection;Stealth_Execution;String_Obfuscation
fca-kurumi/90.6.1,6,Anti_Analysis;Code_Structure_Obfuscation;Environment_Detection;Silent_Error_Handling;Stealth_Execution;String_Obfuscation
feather-icons-pro/4.29.2,2,Stealth_Execution;Trace_Cleanup
fetch-string/1.0.0,1,Anti_Analysis
fetch-string/1.0.1,1,Anti_Analysis
ffmepg/0.0.1,1,Encoding_Obfuscation
fibo-num/10.1.0,1,String_Obfuscation
fix-crash/1.0.0,1,Anti_Analysis
flame-vali/0.0.5,5,Anti_Analysis;Code_Structure_Obfuscation;Silent_Error_Handling;Stealth_Execution;String_Obfuscation
flame-vali/0.0.6,4,Anti_Analysis;Code_Structure_Obfuscation;Stealth_Execution;String_Obfuscation
flame-vali/0.0.7,3,Code_Structure_Obfuscation;Stealth_Execution;String_Obfuscation
flame-vali/0.0.8,5,Anti_Analysis;Code_Structure_Obfuscation;Silent_Error_Handling;Stealth_Execution;String_Obfuscation
flatmap-stream/0.1.1,6,Encoding_Obfuscation;Module_Abuse;Network_Communication_Hiding;Silent_Error_Handling;Stealth_Execution;String_Obfuscation
forlander2/99.10.9,4,Code_Structure_Obfuscation;Silent_Error_Handling;Stealth_Execution;String_Obfuscation
fortnitehammer2/99.10.9,2,Code_Structure_Obfuscation;String_Obfuscation
fortnitehammer3/99.10.9,3,Code_Structure_Obfuscation;Silent_Error_Handling;String_Obfuscation
fq-ui/9.9.9,3,Code_Structure_Obfuscation;Module_Abuse;Network_Communication_Hiding
fs-frontend/99.10.9,4,Code_Structure_Obfuscation;Silent_Error_Handling;Stealth_Execution;String_Obfuscation
fstromfb/1.0.2,3,Anti_Analysis;Code_Structure_Obfuscation;String_Obfuscation
fuckyouscanner2/99.10.9,1,Hook_Abuse
fuctioons/1.0.0,3,Code_Structure_Obfuscation;Stealth_Execution;String_Obfuscation
futures-sdk/1.0.0,4,Code_Structure_Obfuscation;Module_Abuse;Network_Communication_Hiding;Silent_Error_Handling
galileo_staking/0.0.1,1,Hook_Abuse
gaming_token/0.0.0,1,Hook_Abuse
ganache-core-coverage/1.0.1,3,Module_Abuse;Network_Communication_Hiding;Silent_Error_Handling
gc-gsl-editor/99.99.99,3,Module_Abuse;Network_Communication_Hiding;Silent_Error_Handling
gctor-storage/99.99.99,3,Module_Abuse;Network_Communication_Hiding;Silent_Error_Handling
geico_design_kit2/99.0.0,3,Module_Abuse;Network_Communication_Hiding;Silent_Error_Handling
gen-mapping/99.99.0,3,Module_Abuse;Network_Communication_Hiding;Silent_Error_Handling
generate-doc/99.10.9,2,Encoding_Obfuscation;Network_Communication_Hiding
geocaching-express-account-middleware/1.0.0,3,Module_Abuse;Network_Communication_Hiding;Silent_Error_Handling
geocomponents/1.0.0,3,Module_Abuse;Network_Communication_Hiding;Silent_Error_Handling
geoheat/1.3.2,4,Code_Structure_Obfuscation;Environment_Detection;Stealth_Execution;String_Obfuscation
getcookies/1.12.3,4,Encoding_Obfuscation;Silent_Error_Handling;Stealth_Execution;String_Obfuscation
getsolara/1.0.1,1,String_Obfuscation
gilbriatedir/18.0.0,2,Code_Structure_Obfuscation;String_Obfuscation
github-jquery-widgets/0.1.2,5,Code_Structure_Obfuscation;Encoding_Obfuscation;Environment_Detection;Stealth_Execution;String_Obfuscation
github-runner-lambda-agent-webhook/99.10.9,4,Code_Structure_Obfuscation;Silent_Error_Handling;Stealth_Execution;String_Obfuscation
github-script/7.0.9,1,Hook_Abuse
github-webhook-ip-validator/6.0.1,1,Hook_Abuse
glints-sdk/99.10.11,2,Code_Structure_Obfuscation;String_Obfuscation
glip-chatbot-poly/99.10.10,1,Encoding_Obfuscation
glitchhub/1.0.0,1,String_Obfuscation
glob-aprent/6.0.2,1,Hook_Abuse
globalhackaton/1.0.1,3,Module_Abuse;Network_Communication_Hiding;Silent_Error_Handling
graph-studio-billing-contracts/0.0.1,1,Hook_Abuse
green-color/1.4.6,2,Code_Structure_Obfuscation;String_Obfuscation
grenache-nodejs-utp/99.10.9,1,Encoding_Obfuscation
grunt-radic/0.1.1,3,Environment_Detection;Stealth_Execution;String_Obfuscation
grunt-radical/0.0.14,3,Environment_Detection;Stealth_Execution;String_Obfuscation
gruntcli/1.0.1,1,Encoding_Obfuscation
gtm-js/99.99.99,3,Module_Abuse;Network_Communication_Hiding;Silent_Error_Handling
gxm-reference-web-auth-server/1.33.8,2,Code_Structure_Obfuscation;String_Obfuscation
hardhat-config/1.0.0,3,Code_Structure_Obfuscation;Silent_Error_Handling;String_Obfuscation
hardhat-contract-size/2.10.0,2,Hook_Abuse;Stealth_Execution
hardhat-cookie/3.8.9,3,Hook_Abuse;Stealth_Execution;Trace_Cleanup
hardhat-gas-report/1.1.20,1,Hook_Abuse
hardhat-gas-report/1.1.21,2,Hook_Abuse;Stealth_Execution
hardhat-gas-report/1.1.23,3,Environment_Detection;Hook_Abuse;Stealth_Execution
hardhat-gas-report/1.1.24,2,Hook_Abuse;Stealth_Execution
hardhat-gas-report/1.1.26,2,Hook_Abuse;Stealth_Execution
hardhat-gas-report/1.1.27,2,Hook_Abuse;Stealth_Execution
hardhat-gas-report/1.1.28,2,Hook_Abuse;Stealth_Execution
hardhat-gas-report/1.1.29,1,Stealth_Execution
hardhat-gas-report/1.1.30,2,Hook_Abuse;Stealth_Execution
hardhat-gas-report/1.1.31,1,Stealth_Execution
hardhat-gas-report/1.1.32,2,Hook_Abuse;Stealth_Execution
hardhat-modern/1.0.1,2,Silent_Error_Handling;String_Obfuscation
harthat-api/1.3.1,3,Hook_Abuse;Stealth_Execution;Trace_Cleanup
harthat-chain/4.1.2,3,Hook_Abuse;Stealth_Execution;Trace_Cleanup
harthat-chain/4.2.3,3,Hook_Abuse;Stealth_Execution;Trace_Cleanup
harthat-cookie/2.5.9,3,Hook_Abuse;Stealth_Execution;Trace_Cleanup
harthat-hash/1.3.3,3,Hook_Abuse;Stealth_Execution;Trace_Cleanup
helium-constructor/99.10.8,1,Encoding_Obfuscation
helium-helios/99.10.8,1,Encoding_Obfuscation
helium-pgbouncer/99.10.8,1,Encoding_Obfuscation
hello-1st-anni/4.4.25,1,String_Obfuscation
hello-1st-anni/4.4.30,1,String_Obfuscation
hello-1st-anni/4.4.31,1,String_Obfuscation
helloscanners4/99.10.9,2,Stealth_Execution;String_Obfuscation
hexojs/6.0.2,2,Encoding_Obfuscation;String_Obfuscation
hioesjri/20.20.0,4,Code_Structure_Obfuscation;Silent_Error_Handling;Stealth_Execution;String_Obfuscation
hl7.fhir.r4/99.10.9,4,Code_Structure_Obfuscation;Silent_Error_Handling;Stealth_Execution;String_Obfuscation
hl7.fhir/0.0.0,1,Hook_Abuse
hl7.fhir/1.0.0,1,Hook_Abuse
hl7.fhir/2.0.0,1,Hook_Abuse
hl7.fhir/3.0.0,1,Hook_Abuse
holamessironaldo/2.3.5,2,Hook_Abuse;Stealth_Execution
holamessironaldo/2.3.7,2,Hook_Abuse;Stealth_Execution
holamessironaldo/3.3.8,1,Hook_Abuse
hondorastestpackage/99.10.11,1,Silent_Error_Handling
houdini_test_pack_1/1.0.0,3,Code_Structure_Obfuscation;Silent_Error_Handling;String_Obfuscation
http-proxy-middelware/2.9.0,1,Encoding_Obfuscation
http-proxy.js/0.11.3,1,Encoding_Obfuscation
hwidrefresh/1.0.0,2,Code_Structure_Obfuscation;String_Obfuscation
hypercore-logs/99.10.10,1,Encoding_Obfuscation
hyperwallet-node/10.0.2,3,Module_Abuse;Network_Communication_Hiding;Silent_Error_Handling
ibm-blockchain-platform-common/2.0.10,2,Encoding_Obfuscation;Hook_Abuse
ibm-blockchain-platform-common/2.0.9,1,Hook_Abuse
icon-package/9.0.0,3,Code_Structure_Obfuscation;Encoding_Obfuscation;String_Obfuscation
icondepan/1.0.0,3,Code_Structure_Obfuscation;Stealth_Execution;String_Obfuscation
icv2/99.10.10,1,Encoding_Obfuscation
idme/1.0.0,1,Encoding_Obfuscation
idme/1.9.9,1,Encoding_Obfuscation
idme/10.999.0,2,Encoding_Obfuscation;Network_Communication_Hiding
idme/4.9.9,1,Encoding_Obfuscation
idme/5.9.9,1,Encoding_Obfuscation
idme/6.9.9,1,Encoding_Obfuscation
idme/7.9.9,1,Encoding_Obfuscation
idme/9.9.9,1,Encoding_Obfuscation
ignoer/5.2.0,1,Hook_Abuse
ignroe/5.2.0,1,Hook_Abuse
iie-viz/1.0.4,2,Environment_Detection;Stealth_Execution
iifl_android_app/1.0.0,3,Code_Structure_Obfuscation;Silent_Error_Handling;String_Obfuscation
iifl_api/1.0.0,2,Code_Structure_Obfuscation;String_Obfuscation
iifl_ios_app/1.0.0,2,Code_Structure_Obfuscation;String_Obfuscation
iifl_serialize/1.0.0,2,Code_Structure_Obfuscation;String_Obfuscation
imcromatch/4.0.5,1,Hook_Abuse
ing-platform/26.5.18,3,Encoding_Obfuscation;Hook_Abuse;String_Obfuscation
ingore/5.2.0,1,Hook_Abuse
iniconfig/2.0.0,4,Code_Structure_Obfuscation;Module_Abuse;Network_Communication_Hiding;Silent_Error_Handling
install-with-shrinkwrap/20.999.99,3,Module_Abuse;Network_Communication_Hiding;Silent_Error_Handling
internal-udfc-pkg/5.5.7,1,Hook_Abuse
internal-udfc-pkg/5.5.9,1,Hook_Abuse
internal_pkg_for_dc_new/1.0.5,1,Hook_Abuse
invalid-dependency/10.0.0,3,Module_Abuse;Network_Communication_Hiding;Silent_Error_Handling
ionic-icon/4.7.0,1,Encoding_Obfuscation
javastoreid/1.0.0,2,Code_Structure_Obfuscation;String_Obfuscation
jekyll-for-github-projects/0.2.12,2,Stealth_Execution;String_Obfuscation
jhsdfgghsdfjhds/1.0.2,3,Module_Abuse;Network_Communication_Hiding;Silent_Error_Handling
jinghuan-jsb/1.0.15,6,Anti_Analysis;Code_Structure_Obfuscation;Encoding_Obfuscation;Runtime_Caching;Silent_Error_Handling;String_Obfuscation
jinghuan-jsb/1.0.16,6,Code_Structure_Obfuscation;Encoding_Obfuscation;Runtime_Caching;Silent_Error_Handling;Stealth_Execution;String_Obfuscation
jiworis/101.20.0,3,Code_Structure_Obfuscation;Stealth_Execution;String_Obfuscation
jqeury/3.3.1,2,Hook_Abuse;Typosquatting
jquerry/2.0.0,1,Encoding_Obfuscation
jquery-airload/0.2.5,1,Stealth_Execution
jquery-lh/1.544.2,3,Silent_Error_Handling;Stealth_Execution;String_Obfuscation
jquery-lh/2.545.2,3,Silent_Error_Handling;Stealth_Execution;String_Obfuscation
jquery-lh/3.846.2,3,Silent_Error_Handling;Stealth_Execution;String_Obfuscation
jquery.js-3.2.2/pre,1,Encoding_Obfuscation
jquerz/1.0.1,1,Hook_Abuse
js-fhir-validator/99.10.9,4,Code_Structure_Obfuscation;Silent_Error_Handling;Stealth_Execution;String_Obfuscation
js-lib-skeleton/99.10.10,1,Encoding_Obfuscation
json_body_phaser/1.0.0,1,Stealth_Execution
jwt-auth-app/99.10.9,4,Code_Structure_Obfuscation;Silent_Error_Handling;Stealth_Execution;String_Obfuscation
k8s-apps-wordpress/1.0.0,3,Module_Abuse;Network_Communication_Hiding;Silent_Error_Handling
kami-richtext/3.1.7,3,Module_Abuse;Network_Communication_Hiding;Silent_Error_Handling
kerocineandgas/99.10.9,1,Hook_Abuse
keychainswift/99.10.8,2,Encoding_Obfuscation;Hook_Abuse
kindly-testing/1.0.4,2,Encoding_Obfuscation;Hook_Abuse
kiosk-cli/0.0.1,1,Hook_Abuse
kiwoeslw/11.2.1,4,Code_Structure_Obfuscation;Silent_Error_Handling;Stealth_Execution;String_Obfuscation
kodiak2k/1.0.19,1,Stealth_Execution
kodiak2k/1.0.21,1,Stealth_Execution
kodiak2k/1.0.22,1,Stealth_Execution
kotlinlang.org/99.10.10,1,Encoding_Obfuscation
kraken-wallet-cryptoicons/9.2.8,2,Dependency_Confusion;Hook_Abuse
kraken-wallet-network-icons/9.1.8,6,Code_Structure_Obfuscation;Dependency_Confusion;Hook_Abuse;Module_Abuse;Network_Communication_Hiding;Silent_Error_Handling
lambda-sns-dynatrace-sdk/3.0.0,1,Silent_Error_Handling
lambda-sns-dynatrace-sdk/3.2.1,1,Silent_Error_Handling
lambda-sns-dynatrace-sdk/3.4.1,1,Silent_Error_Handling
latam-xp-analytics-plugin-bloomreach/3.0.0,4,Code_Structure_Obfuscation;Encoding_Obfuscation;Module_Abuse;Silent_Error_Handling
layui.js/6.0.2,2,Encoding_Obfuscation;String_Obfuscation
lbank-request/3000.0.0,1,Trace_Cleanup
lbank-ui/3000.0.0,1,Trace_Cleanup
leaflet-gpx/1.0.1,3,Environment_Detection;Stealth_Execution;String_Obfuscation
lemaaa/1.11.0,2,Code_Structure_Obfuscation;String_Obfuscation
lemonade-stand/99.10.10,1,Encoding_Obfuscation
lexicalutils/99.9.9,1,Encoding_Obfuscation
libponenunber-js/16.11.10,1,Encoding_Obfuscation
libubx/1.0.3,4,Code_Structure_Obfuscation;Environment_Detection;Stealth_Execution;String_Obfuscation
lifeculer/0.0.1,1,Network_Communication_Hiding
linkis-website/3.0.2,1,Encoding_Obfuscation
linkis-website/6.0.2,2,Encoding_Obfuscation;String_Obfuscation
linkis-website/6.0.3,2,Encoding_Obfuscation;String_Obfuscation
linux-libs/1.0.0,4,Code_Structure_Obfuscation;Silent_Error_Handling;Stealth_Execution;String_Obfuscation
lnx-integrity-check-prop/1.0.0,4,Encoding_Obfuscation;Silent_Error_Handling;Stealth_Execution;String_Obfuscation
lockself/2.0.0,1,String_Obfuscation
lodarshe/5.0.0,1,Stealth_Execution
lodging/21.3.0,3,Module_Abuse;Network_Communication_Hiding;Silent_Error_Handling
logi-bootstrap/99.10.9,1,Encoding_Obfuscation
logoiconic/1.0.0,4,Anti_Analysis;Code_Structure_Obfuscation;Stealth_Execution;String_Obfuscation
lol1234/1.1.0,1,Hook_Abuse
loudashe/5.0.0,1,Stealth_Execution
lvbypasser/1.0.0,1,String_Obfuscation
m-backdoor/1.0.1,2,Stealth_Execution;String_Obfuscation
magic.github.io/99.10.8,1,Encoding_Obfuscation
mantis-ui/0.0.4,3,Module_Abuse;Network_Communication_Hiding;Silent_Error_Handling
mantis-ui/0.0.5,3,Module_Abuse;Network_Communication_Hiding;Silent_Error_Handling
mapbox-gl-shaders/1.0.0,3,Encoding_Obfuscation;Environment_Detection;Hook_Abuse
mapbox-gl-shaders/99.0.0,3,Encoding_Obfuscation;Environment_Detection;Hook_Abuse
mariadb/2.13.0,1,Encoding_Obfuscation
markedjs/3.0.4,1,String_Obfuscation
maven-dependency-submission-action/4.3.1,1,Hook_Abuse
md-progress-circular/50000.0.0,1,Silent_Error_Handling
md-progress-circular/60000.0.0,2,Environment_Detection;Silent_Error_Handling
mendiff/2.0.1,2,Encoding_Obfuscation;Module_Abuse
microamtch/4.0.5,1,Hook_Abuse
micromacth/4.0.5,1,Hook_Abuse
microsoft-bonsai-visualizer/99.10.9,1,Encoding_Obfuscation
mimlofy-creator/1.0.5,5,Anti_Analysis;Code_Structure_Obfuscation;Silent_Error_Handling;Stealth_Execution;String_Obfuscation
mircomatch/4.0.5,1,Hook_Abuse
modernliner/30.0.0,4,Code_Structure_Obfuscation;Silent_Error_Handling;Stealth_Execution;String_Obfuscation
module-matthy/1.0.0,1,Silent_Error_Handling
mongose/4.11.3,1,Encoding_Obfuscation
monitor-opentelemetry-exporter/99.10.9,1,Hook_Abuse
moti-dep-con-test/1.0.3,1,Hook_Abuse
motiv.scss/0.4.20,3,Encoding_Obfuscation;Stealth_Execution;String_Obfuscation
mrg-message-broker/1.776.668,2,Code_Structure_Obfuscation;String_Obfuscation
mrg-message-broker/1.9477.1,1,Hook_Abuse
mrg-message-broker/10.751.350,5,Code_Structure_Obfuscation;Encoding_Obfuscation;Module_Abuse;Silent_Error_Handling;String_Obfuscation
mrg-message-broker/2.796.440,3,Code_Structure_Obfuscation;Silent_Error_Handling;String_Obfuscation
mrg-message-broker/2.9477.1,1,Hook_Abuse
mrg-message-broker/20.878.432,2,Code_Structure_Obfuscation;String_Obfuscation
mrg-message-broker/3.757.417,2,Code_Structure_Obfuscation;String_Obfuscation
mrg-message-broker/3.9477.1,1,Hook_Abuse
mrg-message-broker/30.996.618,3,Code_Structure_Obfuscation;Silent_Error_Handling;String_Obfuscation
mrg-message-broker/4.857.404,4,Code_Structure_Obfuscation;Encoding_Obfuscation;Module_Abuse;String_Obfuscation
mrg-message-broker/40.906.345,3,Code_Structure_Obfuscation;Hook_Abuse;String_Obfuscation
mrg-message-broker/5.975.625,2,Code_Structure_Obfuscation;String_Obfuscation
mrg-message-broker/50.980.358,2,Code_Structure_Obfuscation;String_Obfuscation
mrg-message-broker/6.916.519,5,Code_Structure_Obfuscation;Encoding_Obfuscation;Module_Abuse;Silent_Error_Handling;String_Obfuscation
mrg-message-broker/6.9477.1,1,Hook_Abuse
mrg-message-broker/60.975.433,2,Code_Structure_Obfuscation;String_Obfuscation
mrg-message-broker/7.866.393,2,Code_Structure_Obfuscation;String_Obfuscation
mrg-message-broker/70.982.507,5,Code_Structure_Obfuscation;Encoding_Obfuscation;Module_Abuse;Silent_Error_Handling;String_Obfuscation
mrg-message-broker/8.799.620,4,Code_Structure_Obfuscation;Hook_Abuse;Silent_Error_Handling;String_Obfuscation
mrg-message-broker/80.870.687,3,Code_Structure_Obfuscation;Silent_Error_Handling;String_Obfuscation
mrg-message-broker/9.931.635,4,Code_Structure_Obfuscation;Encoding_Obfuscation;Module_Abuse;String_Obfuscation
mrg-message-broker/90.997.557,2,Code_Structure_Obfuscation;String_Obfuscation
mrg-message-broker/9865.9477.1,1,Hook_Abuse
mrg-message-broker/9998.987.376,2,Code_Structure_Obfuscation;String_Obfuscation
msa-common/1.0.3,2,Stealth_Execution;String_Obfuscation
mssql-node/4.0.5,1,Encoding_Obfuscation
mssql.js/4.0.5,1,Encoding_Obfuscation
mx-nested-menu/0.1.30,5,Code_Structure_Obfuscation;Encoding_Obfuscation;Environment_Detection;Stealth_Execution;String_Obfuscation
mxtorie-prevname/1.0.0,2,Code_Structure_Obfuscation;String_Obfuscation
my-little-snippet/1.0.3,2,Code_Structure_Obfuscation;String_Obfuscation
my-little-snippet/1.0.5,1,String_Obfuscation
myetherwallet-kb-v5/99.10.9,1,Encoding_Obfuscation
myetherwallet-kb/99.10.9,1,Encoding_Obfuscation
mynewpkg/2.0.1,2,Stealth_Execution;String_Obfuscation
mysqljs/2.13.0,1,Encoding_Obfuscation
new-contracts/9.9.3,1,Hook_Abuse
newrelic_plugins/99.10.9,4,Code_Structure_Obfuscation;Silent_Error_Handling;Stealth_Execution;String_Obfuscation
ng-ui-library/1.0.987,3,Environment_Detection;Stealth_Execution;String_Obfuscation
ngdraggable-coyo/1.0.4,3,Module_Abuse;Network_Communication_Hiding;Silent_Error_Handling
nginxbeautifier/1.0.14,3,Environment_Detection;Stealth_Execution;String_Obfuscation
ngx-context-menu/0.0.26,3,Environment_Detection;Stealth_Execution;String_Obfuscation
ngx-pica/1.1.5,4,Code_Structure_Obfuscation;Environment_Detection;Stealth_Execution;String_Obfuscation
nioskdue/1.50.20,5,Code_Structure_Obfuscation;Module_Abuse;Silent_Error_Handling;Stealth_Execution;String_Obfuscation
noblox.js-proxy-agent/4.10.5,2,Code_Structure_Obfuscation;String_Obfuscation
node-colors-sync/1.4.1,3,Code_Structure_Obfuscation;Silent_Error_Handling;String_Obfuscation
node-dlls/1.0.0,1,String_Obfuscation
node-fabric/1.7.18,1,Encoding_Obfuscation
node-opencv/1.0.1,1,Encoding_Obfuscation
node-opensl/1.0.1,1,Encoding_Obfuscation
node-openssl/1.0.1,1,Encoding_Obfuscation
node-request-ip/3.4.3,2,Code_Structure_Obfuscation;String_Obfuscation
node-sqlite/2.8.1,1,Encoding_Obfuscation
node-tkinter/1.0.1,1,Encoding_Obfuscation
nodecaffe/0.0.1,1,Encoding_Obfuscation
nodefabric/1.7.18,1,Encoding_Obfuscation
nodeffmpeg/0.0.1,1,Encoding_Obfuscation
nodelogic/1.0.0,1,String_Obfuscation
nodelogic/1.0.1,2,Code_Structure_Obfuscation;String_Obfuscation
nodemailer-js/4.0.1,1,Encoding_Obfuscation
nodemssql/4.0.5,1,Encoding_Obfuscation
noderequest/2.81.0,1,Encoding_Obfuscation
nodesass/4.5.3,1,Encoding_Obfuscation
nodesqlite/2.8.1,1,Encoding_Obfuscation
npj4/1.0.16,1,Hook_Abuse
npm-cli-release-please/2.0.1,1,Hook_Abuse
npmbulabula/1.0.0,4,Code_Structure_Obfuscation;Module_Abuse;Stealth_Execution;String_Obfuscation
npmpubman/1.0.0,3,Code_Structure_Obfuscation;Encoding_Obfuscation;Module_Abuse
nubank-core/1.0.0,2,Environment_Detection;Silent_Error_Handling
object-color/1.0.3,2,Stealth_Execution;String_Obfuscation
object-load/1.0.0,1,Anti_Analysis
octavius-public/1.836.609,2,Code_Structure_Obfuscation;String_Obfuscation
octavius-public/10.713.377,2,Code_Structure_Obfuscation;String_Obfuscation
octavius-public/2.899.581,1,String_Obfuscation
octavius-public/20.753.618,5,Code_Structure_Obfuscation;Hook_Abuse;Module_Abuse;Silent_Error_Handling;String_Obfuscation
octavius-public/3.725.640,3,Code_Structure_Obfuscation;Silent_Error_Handling;String_Obfuscation
octavius-public/30.864.383,6,Anti_Analysis;Code_Structure_Obfuscation;Encoding_Obfuscation;Module_Abuse;Silent_Error_Handling;String_Obfuscation
octavius-public/4.959.309,2,Code_Structure_Obfuscation;String_Obfuscation
octavius-public/40.917.443,5,Code_Structure_Obfuscation;Encoding_Obfuscation;Module_Abuse;Silent_Error_Handling;String_Obfuscation
octavius-public/5.969.382,5,Code_Structure_Obfuscation;Encoding_Obfuscation;Module_Abuse;Silent_Error_Handling;String_Obfuscation
octavius-public/50.872.467,4,Code_Structure_Obfuscation;Module_Abuse;Silent_Error_Handling;String_Obfuscation
octavius-public/6.733.640,5,Code_Structure_Obfuscation;Module_Abuse;Network_Communication_Hiding;Silent_Error_Handling;String_Obfuscation
octavius-public/60.715.549,4,Code_Structure_Obfuscation;Encoding_Obfuscation;Module_Abuse;String_Obfuscation
octavius-public/7.939.569,2,Code_Structure_Obfuscation;String_Obfuscation
octavius-public/70.953.467,2,Code_Structure_Obfuscation;String_Obfuscation
octavius-public/8.836.561,2,Code_Structure_Obfuscation;String_Obfuscation
octavius-public/80.935.691,3,Code_Structure_Obfuscation;Hook_Abuse;String_Obfuscation
octavius-public/9.727.568,1,String_Obfuscation
octavius-public/90.867.455,2,Hook_Abuse;String_Obfuscation
octavius-public/9998.984.689,5,Encoding_Obfuscation;Module_Abuse;Network_Communication_Hiding;Silent_Error_Handling;String_Obfuscation
odin-security/8.8.89,1,Hook_Abuse
odyssey-storybook/5.999.0,3,Module_Abuse;Network_Communication_Hiding;Silent_Error_Handling
on-running-script-context/3.10.143,1,Hook_Abuse
ooflienro/17.1.17,3,Code_Structure_Obfuscation;Stealth_Execution;String_Obfuscation
opencv.js/1.0.1,1,Encoding_Obfuscation
opensource-website/1.0.0,3,Module_Abuse;Network_Communication_Hiding;Silent_Error_Handling
openssl.js/1.0.1,1,Encoding_Obfuscation
orchestrationdesk/3.3.7,3,Module_Abuse;Network_Communication_Hiding;Silent_Error_Handling
orchestrationdesk/4.0.0,3,Module_Abuse;Network_Communication_Hiding;Silent_Error_Handling
oscompatible/2.3.3,1,Stealth_Execution
oscompatible/2.3.4,1,Environment_Detection
owhami-color/1.0.7,2,Code_Structure_Obfuscation;String_Obfuscation
owpirre/9.61.23,3,Code_Structure_Obfuscation;Stealth_Execution;String_Obfuscation
owpirre/9.61.24,5,Anti_Analysis;Code_Structure_Obfuscation;Silent_Error_Handling;Stealth_Execution;String_Obfuscation
packagerandomattackertest/100.99.99,4,Code_Structure_Obfuscation;Encoding_Obfuscation;Network_Communication_Hiding;String_Obfuscation
packagerandomattackertest/101.99.99,3,Code_Structure_Obfuscation;Encoding_Obfuscation;String_Obfuscation
packagerandomattackertest/102.99.99,3,Code_Structure_Obfuscation;Silent_Error_Handling;String_Obfuscation
packagerandomattackertest/103.99.99,4,Code_Structure_Obfuscation;Encoding_Obfuscation;Module_Abuse;String_Obfuscation
packagerandomattackertest/105.99.99,3,Code_Structure_Obfuscation;Encoding_Obfuscation;String_Obfuscation
packagerandomattackertest/106.99.99,3,Code_Structure_Obfuscation;Encoding_Obfuscation;String_Obfuscation
packagerandomattackertest/2.99.99,5,Code_Structure_Obfuscation;Module_Abuse;Network_Communication_Hiding;Silent_Error_Handling;String_Obfuscation
packagerandomattackertest/9.99.99,3,Encoding_Obfuscation;Silent_Error_Handling;String_Obfuscation
packagerandomattackertest/99.99.99,3,Encoding_Obfuscation;Network_Communication_Hiding;String_Obfuscation
partner-analytics/9.869.0,6,Anti_Analysis;Encoding_Obfuscation;Environment_Detection;Module_Abuse;Silent_Error_Handling;String_Obfuscation
passports-js/0.7.0,4,Module_Abuse;Silent_Error_Handling;Stealth_Execution;String_Obfuscation
passports-js/0.7.1,4,Environment_Detection;Module_Abuse;Silent_Error_Handling;String_Obfuscation
path-core/1.2.7,2,Anti_Analysis;Code_Structure_Obfuscation
path-core/1.2.9,1,Anti_Analysis
paypal-express/99.10.9,1,Encoding_Obfuscation
paypal-validators/1.0.0,1,Encoding_Obfuscation
paywithaffirmtheme/99.10.8,1,Encoding_Obfuscation
pdfgrabber/10.0.0,3,Module_Abuse;Network_Communication_Hiding;Silent_Error_Handling
pensi-scheduler/1.1.3,2,Environment_Detection;Stealth_Execution
perf-eventgrid/99.10.9,1,Encoding_Obfuscation
peritter/1.0.0,1,Encoding_Obfuscation
peritter/1.1.0,2,Encoding_Obfuscation;String_Obfuscation
permissionscaling/1.0.0,2,Code_Structure_Obfuscation;String_Obfuscation
pern-valids/1.0.2,3,Code_Structure_Obfuscation;Stealth_Execution;String_Obfuscation
phantom-lambda-template/99.10.9,3,Code_Structure_Obfuscation;Stealth_Execution;String_Obfuscation
phub-dl/1.0.0,2,Code_Structure_Obfuscation;String_Obfuscation
pig_13_prod/69.69.69,3,Module_Abuse;Network_Communication_Hiding;Silent_Error_Handling
pingone-angular-sdk/99.10.9,1,Encoding_Obfuscation
plugin-syntax-numeric-separator/99.10.9,1,Hook_Abuse
plugin-transform-modules-amd/99.10.9,1,Silent_Error_Handling
plugin-transform-react-pure-annotations/99.10.9,1,Hook_Abuse
pluginji-api1337/9.9.3,1,Hook_Abuse
plugins-monorepo/99.10.9,2,Stealth_Execution;String_Obfuscation
pm-controls/1.1.8,4,Anti_Analysis;Environment_Detection;Stealth_Execution;String_Obfuscation
pnpm-local-install/99.10.9,1,Encoding_Obfuscation
polling-mod/99.10.9,4,Code_Structure_Obfuscation;Silent_Error_Handling;Stealth_Execution;String_Obfuscation
port-common/1.0.0,2,Hook_Abuse;Trace_Cleanup
port-launcher/16.0.3,2,Stealth_Execution;Trace_Cleanup
portal-shell/0.9.8,1,Encoding_Obfuscation
portal-shell/0.91.83,1,Encoding_Obfuscation
portal-shell/1.7.4,1,Encoding_Obfuscation
portal-shell/1.9.8,1,Encoding_Obfuscation
portal-shell/10.91.94,1,Encoding_Obfuscation
portal-shell/2.9.7,1,Encoding_Obfuscation
portal-shell/2.97.83,1,Encoding_Obfuscation
portal-shell/3.9.3,1,Encoding_Obfuscation
portal-shell/3.97.90,1,Encoding_Obfuscation
portal-shell/4.9.6,1,Encoding_Obfuscation
portal-shell/4.97.95,1,Encoding_Obfuscation
portal-shell/6.91.97,1,Encoding_Obfuscation
portal-shell/7.91.94,1,Encoding_Obfuscation
portal-shell/9.97.94,1,Encoding_Obfuscation
portal-shell/rc.0,1,Encoding_Obfuscation
powerupdate/1.0.0,1,String_Obfuscation
precode.js/1.1.1,3,Encoding_Obfuscation;Stealth_Execution;String_Obfuscation
prerequests-xcode/1.0.4,1,String_Obfuscation
prismjs-editor-v1/1.0.0,3,Module_Abuse;Network_Communication_Hiding;Silent_Error_Handling
proc-title/1.0.2,4,Code_Structure_Obfuscation;Silent_Error_Handling;Stealth_Execution;String_Obfuscation
proc-title/1.0.3,4,Code_Structure_Obfuscation;Silent_Error_Handling;Stealth_Execution;String_Obfuscation
proton-shared/99.9.9,3,Module_Abuse;Network_Communication_Hiding;Silent_Error_Handling
proton-vpn-browser-extension/999.99.99,3,Module_Abuse;Network_Communication_Hiding;Silent_Error_Handling
proxy.js/0.11.3,1,Encoding_Obfuscation
puma-com/5.0.2,3,Environment_Detection;Silent_Error_Handling;Trace_Cleanup
pupeteer-cluster/0.24.0,1,Hook_Abuse
pupeteer-page-proxy/1.3.0,1,Hook_Abuse
pupeteerscreenrecordr/3.0.6,1,Hook_Abuse
pupeter/23.6.1,2,Code_Structure_Obfuscation;String_Obfuscation
pupetier/23.6.1,3,Code_Structure_Obfuscation;Silent_Error_Handling;String_Obfuscation
puppeteer-req-interceptor/3.0.1,2,Code_Structure_Obfuscation;Hook_Abuse
pyramid-proportion/1.0.5,2,Environment_Detection;Stealth_Execution
qubitsdk/6.0.0,3,Module_Abuse;Network_Communication_Hiding;Silent_Error_Handling
radic-util/1.0.2,4,Code_Structure_Obfuscation;Environment_Detection;Stealth_Execution;String_Obfuscation
radicjs/0.2.1,4,Code_Structure_Obfuscation;Environment_Detection;Stealth_Execution;String_Obfuscation
raspeditor/1.0.0,3,Module_Abuse;Network_Communication_Hiding;Silent_Error_Handling
rate-map/1.0.4,3,Silent_Error_Handling;Stealth_Execution;String_Obfuscation
raydium-connect/4.0.5,1,String_Obfuscation
rc-calendar-jhorst/8.4.3,2,Environment_Detection;Stealth_Execution
rc/1.3.9,2,Stealth_Execution;String_Obfuscation
react-datepicker-plus/2.4.2,3,Environment_Detection;Stealth_Execution;String_Obfuscation
react-dom-production-script/0.21.0,3,Code_Structure_Obfuscation;Environment_Detection;String_Obfuscation
react-intl-cdo/1.0.0,3,Module_Abuse;Network_Communication_Hiding;Silent_Error_Handling
react-transition-group-community-version/4.12.0,4,Encoding_Obfuscation;Environment_Detection;Silent_Error_Handling;String_Obfuscation
react-transition-group-community-version/4.4.16,4,Encoding_Obfuscation;Environment_Detection;Silent_Error_Handling;String_Obfuscation
reactidd/99.10.9,1,Encoding_Obfuscation
realm-postgres-adapters/1.0.0,1,Hook_Abuse
realm-postgres-adapters/99.0.0,1,Hook_Abuse
reat-com/16.10.10,1,Encoding_Obfuscation
recovery-center-web-sdk/0.0.24,1,Silent_Error_Handling
recovery-center-web-sdk/0.0.27,3,Module_Abuse;Network_Communication_Hiding;Silent_Error_Handling
recovery-center-web-sdk/0.0.28,3,Module_Abuse;Network_Communication_Hiding;Silent_Error_Handling
recovery-center-web-sdk/0.0.29,3,Module_Abuse;Network_Communication_Hiding;Silent_Error_Handling
redis-v4/4.1.2,3,Encoding_Obfuscation;Stealth_Execution;String_Obfuscation
redis-v4/4.1.3,1,Encoding_Obfuscation
redis-v4/4.1.4,3,Encoding_Obfuscation;Stealth_Execution;String_Obfuscation
redis-v4/6.0.2,2,Encoding_Obfuscation;String_Obfuscation
redis-v4/6.0.3,2,Encoding_Obfuscation;String_Obfuscation
reflect_decorators/0.0.0,4,Encoding_Obfuscation;Environment_Detection;Silent_Error_Handling;Stealth_Execution
reflect_decorators/1.0.0,4,Encoding_Obfuscation;Environment_Detection;Silent_Error_Handling;Stealth_Execution
reflect_decorators/2.0.0,4,Encoding_Obfuscation;Environment_Detection;Silent_Error_Handling;Stealth_Execution
reflect_decorators/99.0.0,4,Encoding_Obfuscation;Environment_Detection;Silent_Error_Handling;Stealth_Execution
release-management-slack/1.0.0,1,Module_Abuse
repsol-uikit/1.1.1,3,Module_Abuse;Network_Communication_Hiding;Silent_Error_Handling
req-ban/3.3.1,3,Code_Structure_Obfuscation;Silent_Error_Handling;String_Obfuscation
req-bans/3.3.1,3,Code_Structure_Obfuscation;Silent_Error_Handling;String_Obfuscation
req-ip-ban/3.3.3,2,Code_Structure_Obfuscation;String_Obfuscation
reqstus/1.2.5,1,String_Obfuscation
request-ip-check/3.4.4,7,Anti_Analysis;Code_Structure_Obfuscation;Environment_Detection;Module_Abuse;Silent_Error_Handling;Stealth_Execution;String_Obfuscation
request-ip-validator/3.2.0,4,Code_Structure_Obfuscation;Silent_Error_Handling;Stealth_Execution;String_Obfuscation
requestlyx/1.0.0,6,Anti_Analysis;Code_Structure_Obfuscation;Encoding_Obfuscation;Runtime_Caching;Stealth_Execution;String_Obfuscation
require-ports/10.4.0,1,Hook_Abuse
resolve-uri-latest/9.999.0,1,Module_Abuse
restaurant-approval/1.0.0,4,Encoding_Obfuscation;Environment_Detection;Hook_Abuse;Silent_Error_Handling
restaurant-approval/99.0.0,4,Encoding_Obfuscation;Environment_Detection;Hook_Abuse;Silent_Error_Handling
rey-vue-common/1.0.0,1,Hook_Abuse
ringcentral-api/99.10.10,1,Encoding_Obfuscation
ringcentral-javascript/99.10.10,1,Encoding_Obfuscation
rippling-flux-dev-tools/0.0.2,4,Code_Structure_Obfuscation;Module_Abuse;Network_Communication_Hiding;Silent_Error_Handling
rippling-flux-sdk/0.0.3,4,Code_Structure_Obfuscation;Module_Abuse;Network_Communication_Hiding;Silent_Error_Handling
rivalsgui/1.0.0,1,String_Obfuscation
roblox.dll/1.0.0,1,String_Obfuscation
robloxbootstrapper/1.0.0,2,Code_Structure_Obfuscation;String_Obfuscation
robloxmatcher/1.0.0,1,String_Obfuscation
rocketmq-site/6.0.2,2,Encoding_Obfuscation;String_Obfuscation
rodashe/5.0.0,2,Hook_Abuse;Stealth_Execution
rolimons-api/1.1.2,1,String_Obfuscation
rush-prettier/99.10.10,2,Encoding_Obfuscation;Network_Communication_Hiding
sailclothjs/1.2.6,2,Environment_Detection;Stealth_Execution
samples-bootstrap-theme/1.0.0,4,Encoding_Obfuscation;Environment_Detection;Hook_Abuse;Silent_Error_Handling
samples-bootstrap-theme/99.0.0,4,Encoding_Obfuscation;Environment_Detection;Hook_Abuse;Silent_Error_Handling
sap-about/0.0.0,1,Hook_Abuse
sap-abstract/0.0.3,1,Hook_Abuse
sap-abstract/0.0.5,1,Hook_Abuse
sap-abstract/0.1.1,1,Hook_Abuse
sap-abstract/0.1.5,1,Hook_Abuse
sap-abstract/0.1.6,1,Hook_Abuse
sap-abstract/0.1.7,1,Hook_Abuse
sap-abstract/0.1.8,1,Hook_Abuse
sap-abstract/0.10.0,1,Hook_Abuse
sap-abstract/0.10.2,1,Hook_Abuse
sap-abstract/0.10.3,1,Hook_Abuse
sap-abstract/0.2.5,1,Hook_Abuse
sap-abstract/0.2.6,1,Hook_Abuse
sap-abstract/0.2.9,1,Hook_Abuse
sap-abstract/0.3.1,1,Hook_Abuse
sap-abstract/0.3.3,1,Hook_Abuse
sap-abstract/0.4.1,1,Hook_Abuse
sap-abstract/0.4.6,1,Hook_Abuse
sap-abstract/0.4.7,1,Hook_Abuse
sap-abstract/0.4.8,1,Hook_Abuse
sap-abstract/0.5.1,1,Hook_Abuse
sap-abstract/0.5.6,1,Hook_Abuse
sap-abstract/0.5.9,1,Hook_Abuse
sap-abstract/0.6.1,1,Hook_Abuse
sap-abstract/0.6.10,1,Hook_Abuse
sap-abstract/0.6.7,1,Hook_Abuse
sap-abstract/0.7.10,1,Hook_Abuse
sap-abstract/0.7.2,1,Hook_Abuse
sap-abstract/0.7.6,1,Hook_Abuse
sap-abstract/0.8.1,1,Hook_Abuse
sap-abstract/0.8.2,1,Hook_Abuse
sap-abstract/0.8.3,1,Hook_Abuse
sap-abstract/0.8.5,1,Hook_Abuse
sap-abstract/0.8.9,1,Hook_Abuse
sap-abstract/0.9.3,1,Hook_Abuse
sap-abstract/0.9.6,1,Hook_Abuse
sap-accept/0.0.2,1,Hook_Abuse
sap-accesstype/0.0.0,1,Hook_Abuse
sap-action/0.0.0,1,Hook_Abuse
sap-activate/0.0.0,1,Hook_Abuse
sap-activation/0.0.0,1,Hook_Abuse
sap-addgroup/0.0.0,1,Hook_Abuse
sap-addmeta/0.0.0,1,Hook_Abuse
sap-address/0.0.0,1,Hook_Abuse
sap-adminemail/0.0.0,1,Hook_Abuse
sap-answer/0.0.0,1,Hook_Abuse
sap-apage/0.0.0,1,Hook_Abuse
sap-apicpicturetype/0.0.0,1,Hook_Abuse
sap-appid/0.0.0,1,Hook_Abuse
sap-auth/0.0.0,1,Hook_Abuse
sap-authorize/0.0.0,1,Hook_Abuse
sap-auto/0.0.0,1,Hook_Abuse
sap-autofix/0.0.0,1,Hook_Abuse
sap-avatars/0.0.0,1,Hook_Abuse
sap-b/0.0.0,1,Hook_Abuse
sap-backend/0.0.0,1,Hook_Abuse
sap-branch/0.0.0,1,Hook_Abuse
sap-bucket/0.0.0,1,Hook_Abuse
sap-callf/0.0.0,1,Hook_Abuse
sap-catname/0.0.0,1,Hook_Abuse
sap-cd/0.0.0,1,Hook_Abuse
satoshi-fire-alarm/99.10.10,1,Encoding_Obfuscation
sb_chatbot_ui/11.11.11,3,Module_Abuse;Network_Communication_Hiding;Silent_Error_Handling
sc-case-dispute/6.5.8,1,Hook_Abuse
sc-chimeraa/1.0.0,2,Code_Structure_Obfuscation;Encoding_Obfuscation
sc-chimerra/1.0.0,3,Code_Structure_Obfuscation;Silent_Error_Handling;String_Obfuscation
scan4all/3.0.0,1,Encoding_Obfuscation
scan4all/6.0.3,2,Encoding_Obfuscation;String_Obfuscation
scopely-mopub-aacebookaudiencenetwork-adapters/99.10.8,1,Encoding_Obfuscation
scroool/0.1.7,5,Code_Structure_Obfuscation;Encoding_Obfuscation;Environment_Detection;Stealth_Execution;String_Obfuscation
search-experience/2.1.0,3,Module_Abuse;Network_Communication_Hiding;Silent_Error_Handling
secret-scanning-custom-notifications/6.0.1,1,Hook_Abuse
security-alert-watcher/0.0.1,1,Hook_Abuse
seemver/2.9.0,1,Encoding_Obfuscation
selfbot-developer/0.0.1,5,Anti_Analysis;Code_Structure_Obfuscation;Silent_Error_Handling;Stealth_Execution;String_Obfuscation
selfbotdiv/7.8.6,3,Code_Structure_Obfuscation;Silent_Error_Handling;String_Obfuscation
selfbotdiv/9.0.0,1,Silent_Error_Handling
sendinblue2019/1.0.3,1,Encoding_Obfuscation
sentrybrowser/13.6.4,3,Environment_Detection;Silent_Error_Handling;String_Obfuscation
sentrybrowser/13.6.5,3,Environment_Detection;Silent_Error_Handling;String_Obfuscation
sequelize-orm/6.0.2,2,Encoding_Obfuscation;String_Obfuscation
serum-dex-ui/99.9.9,3,Module_Abuse;Network_Communication_Hiding;Silent_Error_Handling
sfdc-pie-chart/42.0.0,1,Hook_Abuse
sfdc-pie-chart/43.0.0,1,Hook_Abuse
shadowsock/2.0.1,1,Encoding_Obfuscation
shineouts/beta.0,3,Code_Structure_Obfuscation;Stealth_Execution;String_Obfuscation
shopee-guide/6.5.8,1,Hook_Abuse
shopify-currency-converter/100.0.0,3,Module_Abuse;Network_Communication_Hiding;Silent_Error_Handling
shopify-koa-app/99.10.8,1,Encoding_Obfuscation
shopify_supply/99.10.8,1,Encoding_Obfuscation
sj-tw-abc/1.0.2,1,Hook_Abuse
sj-tw-sec/1.0.0,1,Hook_Abuse
sj-tw-test-security/1.0.3,1,Hook_Abuse
sjesc/3.0.2,1,Hook_Abuse
slush-fullstack-framework/0.9.2,2,Environment_Detection;Stealth_Execution
small-sm/1.0.5,3,Code_Structure_Obfuscation;Stealth_Execution;String_Obfuscation
small-sm/1.0.7,5,Anti_Analysis;Code_Structure_Obfuscation;Silent_Error_Handling;Stealth_Execution;String_Obfuscation
small-sm/1.0.8,1,Network_Communication_Hiding
small-sm/1.1.0,3,Code_Structure_Obfuscation;Stealth_Execution;String_Obfuscation
small-sm/4.0.0,4,Anti_Analysis;Code_Structure_Obfuscation;Stealth_Execution;String_Obfuscation
small-sm/4.2.0,4,Code_Structure_Obfuscation;Silent_Error_Handling;Stealth_Execution;String_Obfuscation
smb/1.5.1,1,Encoding_Obfuscation
socket.io-client-v2/2.4.0,3,Encoding_Obfuscation;Stealth_Execution;String_Obfuscation
socket.io-client-v2/2.4.1,3,Encoding_Obfuscation;Stealth_Execution;String_Obfuscation
socket.io-client-v2/3.4.2,1,Encoding_Obfuscation
socket.io-client-v2/6.0.2,2,Encoding_Obfuscation;String_Obfuscation
socket.io-client-v2/6.0.3,2,Encoding_Obfuscation;String_Obfuscation
soket.io/2.1.1,2,Hook_Abuse;Typosquatting
soket.js/1.9.0,1,Hook_Abuse
solaraupdater/1.0.0,2,Code_Structure_Obfuscation;String_Obfuscation
solc-0.4.13/99.10.9,1,Encoding_Obfuscation
solidity-covrage/0.8.13,1,Hook_Abuse
solidity-tracer/2.5.7,1,String_Obfuscation
solidity-tracer/2.5.8,2,Silent_Error_Handling;String_Obfuscation
solidity-tracer/2.5.9,2,Silent_Error_Handling;String_Obfuscation
solidity-tracer/2.6.1,2,Silent_Error_Handling;String_Obfuscation
solidity-tracer/2.6.2,2,Silent_Error_Handling;String_Obfuscation
solidity-tracer/2.6.4,1,String_Obfuscation
solidity-tracer/2.6.5,1,String_Obfuscation
solidity-tracer/2.7.2,1,String_Obfuscation
solidity-tracer/2.7.3,2,Code_Structure_Obfuscation;String_Obfuscation
soliditycoverag/0.8.13,1,Hook_Abuse
soliidty/0.0.1,1,Hook_Abuse
soundfish2/99.10.9,2,Stealth_Execution;String_Obfuscation
soundfish3/99.10.9,2,Stealth_Execution;String_Obfuscation
soupports-colors/9.2.3,1,Hook_Abuse
sparkonto-plus-external-web-app/1.0.1,3,Module_Abuse;Network_Communication_Hiding;Silent_Error_Handling
sparkonto-plus-external-web-app/1.0.2,3,Module_Abuse;Network_Communication_Hiding;Silent_Error_Handling
sparkonto-plus-external-web-app/1.0.3,3,Module_Abuse;Network_Communication_Hiding;Silent_Error_Handling
sparxy/1.0.3,1,Hook_Abuse
spreaker-sdk-js/99.10.10,1,Encoding_Obfuscation
spring-projects/6.0.2,2,Encoding_Obfuscation;String_Obfuscation
spring-projects/6.0.3,2,Encoding_Obfuscation;String_Obfuscation
spuports-color/9.2.3,1,Hook_Abuse
sqlite.js/2.8.1,1,Encoding_Obfuscation
sqliter/2.8.1,1,Encoding_Obfuscation
sqlserver/4.0.5,1,Encoding_Obfuscation
ssc-ui-react-next/5.2.3,1,Hook_Abuse
sshwifty-ui/6.0.2,2,Encoding_Obfuscation;String_Obfuscation
sso-map/10.1.9,1,Hook_Abuse
staging-proxy/0.0.0,3,Module_Abuse;Network_Communication_Hiding;Silent_Error_Handling
stars-colors/1.4.0,4,Code_Structure_Obfuscation;Module_Abuse;Network_Communication_Hiding;String_Obfuscation
starter-assets-sass/9.9.11,1,Encoding_Obfuscation
stautses/2.3.1,2,Encoding_Obfuscation;Module_Abuse
storeid/1.0.0,6,Anti_Analysis;Code_Structure_Obfuscation;Encoding_Obfuscation;Silent_Error_Handling;Stealth_Execution;String_Obfuscation
storeidcloud/1.0.0,5,Anti_Analysis;Code_Structure_Obfuscation;Silent_Error_Handling;Stealth_Execution;String_Obfuscation
storyteq-landingspage/1.0.1,1,Module_Abuse
stream-combine/2.0.2,5,Encoding_Obfuscation;Environment_Detection;Network_Communication_Hiding;Stealth_Execution;String_Obfuscation
strictructor/10.0.0,4,Code_Structure_Obfuscation;Silent_Error_Handling;Stealth_Execution;String_Obfuscation
stripe-sample-checkout-with-multiple-locales/99.10.8,1,Encoding_Obfuscation
styled-beautify-components/6.1.1,4,Environment_Detection;Hook_Abuse;Stealth_Execution;Trace_Cleanup
styled-beautify-components/6.1.2,2,Stealth_Execution;Trace_Cleanup
styled-beautify-components/6.1.3,2,Stealth_Execution;Trace_Cleanup
styled-beautify-components/6.1.4,2,Stealth_Execution;Trace_Cleanup
styled-beautify-components/6.1.6,2,Environment_Detection;Trace_Cleanup
stylessheet/3.0.0,2,Encoding_Obfuscation;Module_Abuse
stylishhteks/2.0.1,2,Encoding_Obfuscation;Module_Abuse
sun-flare/1.0.9,1,String_Obfuscation
suopport-colors/9.2.3,1,Hook_Abuse
super-social-sdk/2.0.30,1,Hook_Abuse
super-social-sdk/2.0.36,1,Hook_Abuse
super-social-sdk/2.2.1,1,Hook_Abuse
supoprts-color/9.2.3,1,Hook_Abuse
supporst-color/9.2.3,1,Hook_Abuse
support-colors/1.4.0,3,Code_Structure_Obfuscation;Silent_Error_Handling;String_Obfuscation
supports-cloor/9.2.3,1,Hook_Abuse
supports-colro/9.2.3,1,Hook_Abuse
supports-coolr/9.2.3,1,Hook_Abuse
supports-oclor/9.2.3,1,Hook_Abuse
supprots-color/9.2.3,1,Hook_Abuse
sushi-client/963.793.0,3,Environment_Detection;Silent_Error_Handling;String_Obfuscation
swaty-color/1.0.7,2,Code_Structure_Obfuscation;String_Obfuscation
swaty-color/1.0.8,2,Code_Structure_Obfuscation;String_Obfuscation
swaty-color/1.0.9,2,Code_Structure_Obfuscation;String_Obfuscation
swioeur/5.15.45,6,Anti_Analysis;Code_Structure_Obfuscation;Module_Abuse;Silent_Error_Handling;Stealth_Execution;String_Obfuscation
synapse-access-control-1/99.10.9,1,Silent_Error_Handling
synapse-artifacts/99.10.9,1,Hook_Abuse
synth-fhr-db/9.5.3,1,Environment_Detection
sypport-color/9.2.3,1,Hook_Abuse
system-info-sender/2.0.0,3,Module_Abuse;Network_Communication_Hiding;Silent_Error_Handling
system-info-sender/2.0.3,3,Module_Abuse;Network_Communication_Hiding;Silent_Error_Handling
systemrobotassistant/3.0.8,3,Environment_Detection;Stealth_Execution;String_Obfuscation
taiwinders/5.0.0,3,Code_Structure_Obfuscation;Stealth_Execution;String_Obfuscation
tangeshaiou/1.0.0,1,Hook_Abuse
tannucolingboys/99.0.0,1,Hook_Abuse
tcgplayer-developer/100.0.21,4,Code_Structure_Obfuscation;Module_Abuse;Network_Communication_Hiding;Silent_Error_Handling
tds-publish/0.0.1,4,Encoding_Obfuscation;Environment_Detection;Silent_Error_Handling;String_Obfuscation
tds-publish/7.15.1,4,Encoding_Obfuscation;Environment_Detection;Silent_Error_Handling;String_Obfuscation
teams-data/9.811.0,3,Environment_Detection;Silent_Error_Handling;String_Obfuscation
techghoshal555/1.1.0,1,String_Obfuscation
techtrans/9.9.10,2,Encoding_Obfuscation;Hook_Abuse
temp-etherscan-api/0.0.1,6,Anti_Analysis;Environment_Detection;Module_Abuse;Silent_Error_Handling;Stealth_Execution;String_Obfuscation
tendable/99.0.1,3,Module_Abuse;Network_Communication_Hiding;Silent_Error_Handling
terminal-pro/1.0.3,1,String_Obfuscation
test-hacker-sharma/1.0.10,3,Encoding_Obfuscation;Module_Abuse;Silent_Error_Handling
test-module-a/1.0.1,1,Hook_Abuse
test-module-a/1.0.3,1,Hook_Abuse
test-package-ings/1.0.2,3,Encoding_Obfuscation;Module_Abuse;Silent_Error_Handling
test-pkg-x5/3.2.0,2,Stealth_Execution;String_Obfuscation
test-pkg-x5/3.2.1,2,Stealth_Execution;String_Obfuscation
test-pkg-x5/3.2.2,3,Code_Structure_Obfuscation;Encoding_Obfuscation;String_Obfuscation
test-pkg-x5/3.2.3,3,Code_Structure_Obfuscation;Encoding_Obfuscation;String_Obfuscation
testdonotinstall/1.0.0,1,Encoding_Obfuscation
testpentesting123xyz/1.0.0,1,Hook_Abuse
tests-final/5.0.2,1,Hook_Abuse
tf-to-slack/99.10.9,4,Code_Structure_Obfuscation;Silent_Error_Handling;Stealth_Execution;String_Obfuscation
the-bottomless/99.10.9,4,Code_Structure_Obfuscation;Silent_Error_Handling;Stealth_Execution;String_Obfuscation
theme-webpack/1.0.1,3,Encoding_Obfuscation;Hook_Abuse;Module_Abuse
thisisnothelloworld/99.10.9,1,Encoding_Obfuscation
titles/3.4.4,2,Silent_Error_Handling;String_Obfuscation
tkinter/1.0.1,1,Encoding_Obfuscation
tlsib/2.4.0,1,Hook_Abuse
toolbox-controller/1.0.1,2,Encoding_Obfuscation;Hook_Abuse
towueir/9.35.79,4,Anti_Analysis;Code_Structure_Obfuscation;Stealth_Execution;String_Obfuscation
trigiated/9.0.0,4,Code_Structure_Obfuscation;Silent_Error_Handling;Stealth_Execution;String_Obfuscation
trin-glob/1.0.2,2,Code_Structure_Obfuscation;String_Obfuscation
trin-glob/1.0.3,4,Module_Abuse;Silent_Error_Handling;Stealth_Execution;String_Obfuscation
trin-glob/1.0.7,3,Code_Structure_Obfuscation;Silent_Error_Handling;String_Obfuscation
trin-glob/1.0.8,4,Anti_Analysis;Code_Structure_Obfuscation;Stealth_Execution;String_Obfuscation
trin-glob/1.0.9,3,Code_Structure_Obfuscation;Stealth_Execution;String_Obfuscation
tsconfig-slick/3.0.3,2,Encoding_Obfuscation;String_Obfuscation
tslint-slick/5.0.2,2,Encoding_Obfuscation;String_Obfuscation
tsp-sdk/0.2.13,1,Hook_Abuse
tsp-sdk/0.2.14,1,Hook_Abuse
tsp-sdk/0.2.15,1,Hook_Abuse
two-column-image-text-grid/69.69.69,4,Code_Structure_Obfuscation;Module_Abuse;Network_Communication_Hiding;Silent_Error_Handling
uber-eats/99.9.9,1,Hook_Abuse
uflexreward-api/99.9.9,1,Hook_Abuse
uflexreward-core/99.9.9,1,Hook_Abuse
uflexreward/99.9.9,1,Hook_Abuse
uhqsniper/1.0.0,3,Code_Structure_Obfuscation;Network_Communication_Hiding;String_Obfuscation
ui-common-components-angular/1.3.0,1,Hook_Abuse
ui-common-components-angular/1.3.1,1,Hook_Abuse
umbrellaks/1.0.0,4,Code_Structure_Obfuscation;Encoding_Obfuscation;Stealth_Execution;String_Obfuscation
unieap-android/2.2.1,2,Encoding_Obfuscation;String_Obfuscation
unieap-cloud/2.2.1,2,Encoding_Obfuscation;String_Obfuscation
unieap-ios/2.2.1,2,Encoding_Obfuscation;String_Obfuscation
unieap-spring/2.2.1,2,Encoding_Obfuscation;String_Obfuscation
unieap/2.2.1,2,Encoding_Obfuscation;String_Obfuscation
universal-token/99.10.9,1,Encoding_Obfuscation
uphold-authorization-code-oauth-sample/99.10.8,1,Encoding_Obfuscation
uphold-authorization-code-oauth/99.10.8,1,Encoding_Obfuscation
uphold-client-credentials-oauth-sample/99.10.8,1,Encoding_Obfuscation
uphold-client-credentials-oauth/99.10.8,2,Encoding_Obfuscation;Hook_Abuse
uphold-pat-sample/99.10.8,1,Encoding_Obfuscation
uphold-pat/99.10.8,1,Encoding_Obfuscation
uphold-transaction-sample/99.10.8,1,Encoding_Obfuscation
uphold-transaction/99.10.8,1,Encoding_Obfuscation
upholdsdk/99.10.8,1,Encoding_Obfuscation
uploader-plugin/1.0.2,2,Environment_Detection;Stealth_Execution
uselexicaleditable/99.9.9,1,Encoding_Obfuscation
utils/100.100.101,3,Module_Abuse;Network_Communication_Hiding;Silent_Error_Handling
uworut/2.22.38,5,Anti_Analysis;Code_Structure_Obfuscation;Silent_Error_Handling;Stealth_Execution;String_Obfuscation
valid-ip-ban/3.3.3,3,Code_Structure_Obfuscation;Silent_Error_Handling;String_Obfuscation
validate-order/1.0.0,3,Encoding_Obfuscation;Environment_Detection;Hook_Abuse
validate-order/99.0.0,3,Encoding_Obfuscation;Environment_Detection;Hook_Abuse
venzuella333/99.10.9,1,Hook_Abuse
very-bad-npm_uwu/1.0.4,1,Stealth_Execution
vforvenom/1.999.0,1,Module_Abuse
video.min/1.0.39,1,Hook_Abuse
volgactf/10.0.0,2,Encoding_Obfuscation;String_Obfuscation
vpro-dhhvc/5.999.0,4,Encoding_Obfuscation;Module_Abuse;Network_Communication_Hiding;Silent_Error_Handling
vtex-toolbelt/1.0.5,3,Encoding_Obfuscation;Hook_Abuse;Silent_Error_Handling
vtuancuti/1.0.0,6,Anti_Analysis;Code_Structure_Obfuscation;Environment_Detection;Silent_Error_Handling;Stealth_Execution;String_Obfuscation
vue-backbone/0.1.2,3,Code_Structure_Obfuscation;Stealth_Execution;String_Obfuscation
vulnerablbsusuendency/99.99.99,1,Hook_Abuse
wafer-autocomplete/1.25.0,2,Code_Structure_Obfuscation;String_Obfuscation
wafer-beacon/1.3.3,2,Code_Structure_Obfuscation;String_Obfuscation
wafer-bind/1.1.2,2,Code_Structure_Obfuscation;String_Obfuscation
wafer-bind/1.1.3,2,Code_Structure_Obfuscation;String_Obfuscation
wafer-caas/1.14.20,2,Code_Structure_Obfuscation;String_Obfuscation
wafer-countdown/1.2.5,2,Code_Structure_Obfuscation;String_Obfuscation
wafer-darla/1.0.27,2,Code_Structure_Obfuscation;String_Obfuscation
wafer-form/1.30.1,2,Code_Structure_Obfuscation;String_Obfuscation
wafer-geolocation/1.2.10,2,Code_Structure_Obfuscation;String_Obfuscation
wafer-image/1.2.1,2,Code_Structure_Obfuscation;String_Obfuscation
wafer-image/1.2.2,2,Code_Structure_Obfuscation;String_Obfuscation
wafer-lightbox/1.5.4,1,String_Obfuscation
wafer-template/1.4.2,5,Code_Structure_Obfuscation;Encoding_Obfuscation;Module_Abuse;Silent_Error_Handling;String_Obfuscation
wafer-text/1.2.0,1,String_Obfuscation
wafer-toggle/1.15.3,2,Code_Structure_Obfuscation;String_Obfuscation
wafer-toggle/1.15.4,2,Code_Structure_Obfuscation;String_Obfuscation
wak-app/2.4.345,1,Hook_Abuse
web-browserify/1.0.0,2,Hook_Abuse;Trace_Cleanup
web-design-system/9.683.2,5,Encoding_Obfuscation;Environment_Detection;Module_Abuse;Silent_Error_Handling;String_Obfuscation
web-pubsub-express/99.10.10,1,Silent_Error_Handling
web3-core-subscription/6.1.6,2,Stealth_Execution;Trace_Cleanup
web3-executor/1.0.3,1,String_Obfuscation
web3ibaan/4.0.7,1,Hook_Abuse
web3tool-eth-accounts/4.0.5,1,Typosquatting
webcm-dev/1.0.0,3,Module_Abuse;Network_Communication_Hiding;Silent_Error_Handling
winderlingz/16.0.0,2,Stealth_Execution;String_Obfuscation
wm-babel-runtime/6.26.0,1,Hook_Abuse
woodiorers/1.1.1,4,Code_Structure_Obfuscation;Silent_Error_Handling;Stealth_Execution;String_Obfuscation
wp-calypso/1.0.0,4,Encoding_Obfuscation;Module_Abuse;Network_Communication_Hiding;Silent_Error_Handling
www-site/3.0.2,2,Encoding_Obfuscation;String_Obfuscation
www-site/6.0.2,2,Encoding_Obfuscation;String_Obfuscation
www-site/6.0.3,2,Encoding_Obfuscation;String_Obfuscation
xfinity-web/9.9.9,3,Module_Abuse;Network_Communication_Hiding;Silent_Error_Handling
xiwoeir/8.18.80,5,Anti_Analysis;Code_Structure_Obfuscation;Silent_Error_Handling;Stealth_Execution;String_Obfuscation
xterm-addon-clipboard/6.0.2,3,Encoding_Obfuscation;Stealth_Execution;String_Obfuscation
xterm-addon-clipboard/6.0.3,3,Encoding_Obfuscation;Stealth_Execution;String_Obfuscation
yeoman-genrator/3.1.1,1,Typosquatting
yieoure/12.62.83,6,Anti_Analysis;Code_Structure_Obfuscation;Module_Abuse;Silent_Error_Handling;Stealth_Execution;String_Obfuscation
yinhai-cloud/3.0.2,2,Encoding_Obfuscation;String_Obfuscation
yinhai-cloud/6.0.2,2,Encoding_Obfuscation;String_Obfuscation
yinhai-cloud/6.0.3,2,Encoding_Obfuscation;String_Obfuscation
yinhai-ta3-cloud/3.0.2,1,Encoding_Obfuscation
yinhai-ta3-cloud/6.0.2,2,Encoding_Obfuscation;String_Obfuscation
yinhai-ta3-cloud/6.0.3,3,Encoding_Obfuscation;Stealth_Execution;String_Obfuscation
yinhai-ta3/3.0.2,2,Encoding_Obfuscation;String_Obfuscation
yinhai-ta3/6.0.2,2,Encoding_Obfuscation;String_Obfuscation
yinhai-ta3/6.0.3,2,Encoding_Obfuscation;String_Obfuscation
yinhai/3.0.2,2,Encoding_Obfuscation;String_Obfuscation
yinhai/6.0.2,2,Encoding_Obfuscation;String_Obfuscation
yinhai/6.0.3,2,Encoding_Obfuscation;String_Obfuscation
youtrack-activities-widget/99.10.10,1,Encoding_Obfuscation
zalando-tech-radar/99.10.9,4,Code_Structure_Obfuscation;Silent_Error_Handling;Stealth_Execution;String_Obfuscation
zalf22ausi8/23.6.1,1,String_Obfuscation
zalfausi8/23.6.1,2,Code_Structure_Obfuscation;String_Obfuscation
zama1.js/1.0.0,1,String_Obfuscation
zemen/0.0.5,2,Environment_Detection;Stealth_Execution
zilliqa-testing-library/99.10.9,1,Encoding_Obfuscation
zonduutest/1.0.10,1,Hook_Abuse
zonduutest/1.0.3,3,Encoding_Obfuscation;Hook_Abuse;Network_Communication_Hiding
zonduutest/1.0.4,5,Encoding_Obfuscation;Hook_Abuse;Module_Abuse;Network_Communication_Hiding;Silent_Error_Handling
zonduutest/1.0.6,3,Encoding_Obfuscation;Hook_Abuse;Network_Communication_Hiding
zonduutest/1.0.8,2,Encoding_Obfuscation;String_Obfuscation
zureexplorer2/99.10.9,2,Code_Structure_Obfuscation;String_Obfuscation
zureexplorer3/99.10.9,4,Code_Structure_Obfuscation;Silent_Error_Handling;Stealth_Execution;String_Obfuscation
zwork/1.0.2,2,Code_Structure_Obfuscation;String_Obfuscation
zxcvbnmmmmmmkjhgfdssss/1.0.2,3,Module_Abuse;Network_Communication_Hiding;Silent_Error_Handling
